sample_id,bile_acids,scfa,tryptophan_metabolism
S1,0.81987162,0.43085691,0.56743077
S2,0.33391551,0.65000616,0.50923745
S3,0.26196443,0.52398855,0.43278900
S4,0.64726357,0.54444009,0.49352137
S5,0.32182708,0.55077835,0.73449877
S6,0.38060898,0.82780573,0.50479138
S7,0.49709641,0.67486678,0.46224066
S8,1.00000000,0.20897986,0.81519210
S9,0.58700424,0.52822402,0.55967340
S10,0.63370953,0.53960725,0.54980334
S11,0.65933689,0.81492498,0.43365428
S12,0.40664597,0.42471371,0.61077188
S13,0.52169815,0.58505737,0.28220610
S14,0.62366727,0.46228074,0.73792162
S15,0.81610274,0.47017482,0.69637208
S16,0.48906226,0.73229015,0.46775338
S17,0.60532693,0.37188398,0.86334009
S18,0.35686220,0.81174010,0.68764717
S19,0.75807858,0.46103119,0.79148690
S20,1.00000000,0.52619571,0.73664120
S21,0.18438688,0.64863073,0.69822212
S22,0.69162266,0.54068184,0.52978279
S23,0.63635262,0.42447325,0.52251271
S24,0.76444765,0.60869449,0.37006339
S25,0.61424502,0.54087687,0.37954877
S26,0.57356146,0.16051550,0.67680248
S27,0.68544386,0.32853718,0.49718218
S28,0.91457609,0.30295549,0.57175553
S29,0.61742439,0.69040428,0.58114567
S30,0.89089654,0.14341659,0.55717392
S31,0.85057819,0.41502232,0.67125320
S32,0.47186447,0.97531716,0.45529803
S33,0.35838698,0.34751617,0.41574141
S34,0.79603723,0.42019581,0.49828001
S35,0.98681772,0.09584319,0.62612184
S36,0.62900874,0.53942619,0.38993685
S37,0.17060033,0.57940206,0.73375509
S38,0.39491614,0.27551182,0.40364057
S39,0.46259753,0.87619059,0.80663621
S40,0.51411591,0.50320236,0.48484726
S41,0.65278314,0.61002816,0.86722553
S42,0.53802685,0.39291854,0.44036164
S43,0.59050802,0.59047521,0.28300560
S44,0.74186285,0.68510287,0.37343837
S45,0.71973951,0.29512891,0.67004914
S46,1.00000000,0.44499422,0.69804811
S47,0.47136978,0.85909894,0.47684291
S48,0.74605834,0.53127905,0.28426086
S49,0.42114334,0.37507236,0.60252530
S50,0.39400825,0.41059048,0.41889209
S51,0.49896706,0.52004404,0.33334533
S52,0.69754939,0.25709406,0.71500458
S53,0.59361631,0.28647946,0.40168081
S54,0.74707147,0.41760182,0.67505572
S55,0.51587201,0.28716611,0.56907875
S56,0.79389094,0.51540053,0.61437877
S57,0.41998288,0.53048766,0.48940524
S58,0.63877431,0.38017329,0.60271389
S59,0.55976256,0.42418838,0.77339446
S60,0.74732866,0.27091437,0.51066329
S61,0.85700638,0.55026440,0.53855540
S62,0.87442907,0.43852593,0.42280449
S63,0.50472585,0.56996901,0.50031131
S64,0.56423840,0.71715824,0.62268090
S65,0.55845378,0.29048970,0.34558892
S66,0.74433502,0.24470565,0.94101688
S67,0.46496281,0.57950274,0.53920432
S68,0.58679666,0.23333900,0.70351301
S69,0.45978278,0.64611371,0.33423194
S70,0.58711753,0.30608756,0.71246394
S71,0.42246503,0.51651964,0.48107041
S72,0.46055352,0.56661478,0.46512255
S73,0.91678563,0.21360843,0.54961927
S74,0.58950931,0.17939171,0.60673778
S75,0.53690390,0.37202716,0.59397816
S76,0.53614541,0.55801466,0.52381360
S77,0.48055490,0.71100404,0.46720217
S78,0.78461888,0.19580690,0.49876940
S79,0.52452922,0.41207704,0.54537516
S80,0.20998539,0.53611877,0.57788934
S81,0.58349022,0.49416759,0.64180038
S82,0.69883920,0.36274279,0.58334694
S83,0.69700338,0.46289420,0.46917675
S84,0.25513265,0.70176570,0.30193327
S85,0.71188390,0.54448959,0.63798098
S86,0.69880166,0.76069013,0.28200911
S87,0.75184780,0.42011448,0.54027603
S88,0.72673806,0.12927347,0.69925078
S89,0.55769591,0.49260382,0.53041173
S90,0.50710064,0.49261566,0.46820545
S91,0.49484791,0.73061461,0.55218184
S92,0.71861911,0.42184747,0.75777015
S93,0.86879755,0.04740060,0.54189392
S94,0.67036797,0.67130369,0.65119652
S95,0.64133803,0.42147055,0.55666112
S96,0.71851475,0.50455679,0.69368927
S97,0.51228078,0.43871894,0.67529683
S98,0.55694008,0.65772464,0.51306205
S99,0.56401950,0.40052333,0.61306076
S100,0.55530543,0.49065398,0.49945399
S101,0.64925435,0.45623692,0.53967126
S102,0.83149367,0.59036221,0.50694687
S103,0.81631031,0.33899040,0.82281278
S104,0.63886963,0.61251430,0.46527087
S105,0.61254134,0.36583494,0.72871972
S106,0.42030302,0.40257717,0.31545502
S107,0.33100449,0.75479716,0.45947540
S108,1.00000000,0.23046437,0.73793941
S109,0.63052694,0.76024618,0.54894805
S110,0.57216367,0.90630426,0.53066932
S111,0.69304904,0.70617692,0.50996852
S112,0.97263831,0.19213325,0.72167355
S113,0.67782021,0.37901687,0.55718504
S114,0.71204212,0.53794056,0.36994012
S115,0.64033673,0.20699102,0.86482199
S116,0.52504054,0.76379580,0.41101297
S117,0.97392173,0.55081394,0.83045972
S118,0.66934690,0.26222952,0.35605535
S119,0.48023195,0.37537474,0.70472959
S120,0.53207313,0.65922580,0.19910460
S121,0.69956370,0.61195314,0.33528177
S122,0.65196847,0.38690398,0.43799481
S123,0.64541774,0.30822094,0.73207717
S124,0.63423485,0.24126982,0.52568658
S125,0.48790302,0.55244986,0.43814659
S126,0.61268336,0.53112087,0.35458529
S127,0.70450057,0.24103425,0.68666849
S128,0.61507244,0.48123707,0.33345538
S129,0.64955932,0.49704180,0.51364639
S130,0.87020397,0.61196421,0.63959591
S131,0.80225967,0.33422948,0.34186152
S132,0.63171442,0.73775911,0.25827122
S133,0.74896809,0.29955354,0.60553440
S134,0.80812749,0.46106222,0.53951146
S135,0.46264795,0.47961361,0.54654935
S136,0.77480613,0.38811323,0.60647986
S137,0.76557502,0.43035438,0.49000594
S138,0.67849312,0.35028337,1.00000000
S139,0.62854897,0.65568929,0.36728559
S140,0.71425382,0.34902767,0.39564918
S141,0.84430054,0.23321376,0.67856425
S142,0.72137915,0.16774590,0.58638048
S143,0.59617304,0.37144831,0.58988717
S144,0.62472359,0.57826515,0.65888013
S145,0.77075480,0.79664626,0.43089473
S146,0.74861124,0.32741691,0.49886415
S147,0.51495695,0.43021433,0.67232194
S148,0.61145191,0.54630663,0.36897470
S149,0.43858812,0.40372444,0.41906223
S150,0.60959709,0.86181951,0.58245487
S151,0.63471469,0.57205618,0.22805736
S152,0.86896736,0.41497106,0.83227845
S153,0.55539888,0.56144979,0.52877061
S154,0.25727778,0.73129869,0.29512340
S155,0.76355663,0.30598801,0.68563522
S156,0.84428772,0.48360121,0.80562629
S157,0.56993105,0.58172299,0.65564260
S158,0.72642085,0.45995232,0.60274259
S159,0.55658062,0.46815549,0.62189605
S160,0.84412719,0.46110028,0.76007300
S161,0.77831034,0.22160481,0.65262995
S162,0.80275121,0.70732284,0.47727342
S163,0.70445366,0.29150174,0.76258755
S164,0.82931345,0.43359788,0.87122298
S165,0.39545852,0.67034461,0.54570559
S166,0.71310481,0.28964751,0.61900641
S167,0.73688517,0.54604721,0.50808020
S168,0.45791408,0.57976368,0.59407135
S169,0.73788586,0.39772288,0.47930700
S170,0.50286467,0.48899246,0.70329746
S171,0.31056603,0.81876632,0.22304831
S172,0.90473282,0.22316473,0.91161313
S173,1.00000000,0.42664369,0.60819861
S174,0.63615714,0.52727746,0.39048985
S175,0.43484228,0.80740644,0.63136277
S176,0.28762911,0.53830149,0.30360936
S177,0.52370526,0.33441968,0.43842336
S178,0.57614290,0.64120919,0.54247662
S179,0.49953376,0.42980106,0.49516068
S180,0.89412907,0.37616511,0.97761493
S181,0.52315376,0.61062111,0.76343421
S182,0.41567894,0.70976679,0.47285580
S183,0.61482500,0.88479708,0.44509463
S184,0.47838878,0.52935504,0.70068735
S185,0.92614790,0.49794751,0.80136852
S186,0.87137897,0.35453834,0.91180801
S187,0.44271107,0.48335546,0.64367729
S188,0.28879626,0.73348592,0.60169318
S189,0.53220492,0.30024347,0.48138737
S190,0.23906429,0.47011268,0.61403051
S191,0.77120704,0.29752166,0.47806441
S192,0.47733369,0.67667468,0.41989318
S193,0.62959932,0.33674276,0.32734979
S194,0.59475689,0.55091743,0.66479071
S195,0.48007523,0.83730759,0.87755356
S196,0.43383692,0.61662996,0.58308056
S197,0.68493548,0.39161264,0.57733841
S198,0.46620086,0.61748910,0.88699962
S199,0.13540510,0.56818144,0.47704543
S200,0.55862186,0.48893294,0.65805340
S201,0.55629821,0.45115703,0.64255711
S202,0.33982732,0.80858825,0.49896748
S203,0.65595467,0.59733214,0.46221847
S204,0.57487330,0.23242365,0.39701208
S205,0.56816267,0.54715654,0.37262797
S206,0.55417207,0.70820981,0.34703303
S207,0.50666391,0.57344696,0.66093882
S208,0.74692373,0.49841521,0.66550040
S209,0.67621080,0.72703037,0.76355556
S210,0.63861790,0.44200171,0.41784063
S211,0.57312573,0.52624955,0.40806044
S212,0.39960446,0.60990843,0.43552634
S213,0.47707337,0.37417252,0.48120595
S214,0.54580606,0.30797505,0.48547827
S215,0.98120292,0.39308258,0.47323775
S216,0.25219769,0.96922097,0.49600957
S217,0.84950563,0.29927357,0.81767197
S218,0.53991904,0.47927207,0.49401303
S219,0.87725959,0.26437949,0.68068234
S220,0.44632155,0.42026363,0.69152709
S221,0.71318365,0.52292940,0.84979416
S222,0.65004455,0.55776226,0.10281328
S223,0.47376213,0.47394361,0.54679057
S224,0.68299533,0.25199358,0.60393834
S225,0.54477241,0.45031879,0.61019418
S226,0.70743067,0.68212613,0.48762356
S227,0.41232490,0.43478406,0.64130971
S228,0.59751594,0.58791926,0.42239122
S229,0.91673926,0.00000000,0.58405641
S230,0.27881051,0.30599818,0.07750232
S231,0.77154957,0.69881918,0.42188003
S232,0.49729914,0.67015408,0.42313669
S233,0.54384486,0.66455538,0.68458009
S234,0.44073323,0.32816145,0.52478423
S235,0.35121670,0.66050608,0.62746461
S236,0.37240456,0.62513625,0.75156360
S237,0.81462798,0.36598109,0.68780069
S238,0.66939451,0.51259588,0.59496345
S239,0.44606602,0.67616981,0.65100012
S240,0.34057024,0.58159979,0.46370188
S241,0.56851417,0.45720159,0.44265782
S242,0.75657960,0.44188302,0.55462804
S243,0.50990359,0.36163937,0.53330401
S244,0.82180914,0.40882033,0.49083892
S245,0.50060293,0.66160867,0.45410626
S246,0.44855023,0.47655707,0.47160895
S247,0.43829124,0.87871634,0.54567400
S248,0.33295983,0.73164321,0.56817467
S249,0.69888849,0.23373459,0.69095484
S250,0.80470502,0.18917780,0.50135030
S251,0.20658779,0.60524918,0.34971277
S252,0.88850158,0.25287561,0.72618248
S253,0.64207861,0.55842723,0.57319029
S254,0.30897562,0.56696334,0.30005408
S255,0.79241787,0.40441775,0.63854743
S256,0.38890475,0.72676998,0.61366610
S257,0.32569808,0.59922221,0.24266671
S258,0.91269111,0.27734399,0.85280014
S259,0.54238995,0.70850919,0.54502484
S260,0.57181588,0.46782323,0.49939153
S261,0.81880573,0.22794930,0.54514605
S262,0.52064203,0.78550882,0.39736550
S263,0.42121752,0.34358571,0.50270080
S264,0.52176369,0.65723854,0.44760970
S265,0.67863584,0.42184540,0.74264539
S266,0.55718225,0.67520856,0.36463480
S267,0.68012322,0.54757594,0.44453773
S268,0.64411263,0.30005073,0.39734979
S269,0.87565198,0.46519795,0.73464667
S270,0.74886879,0.47228542,0.35983031
S271,0.55196427,0.34357238,0.45575931
S272,0.55660966,0.78624415,0.68580075
S273,0.59511807,0.61341281,0.23619439
S274,0.69119925,0.21993000,0.65769342
S275,0.66069183,0.46196758,0.20242309
S276,0.74425657,0.26763425,0.60108030
S277,0.45157344,0.84769410,0.52494078
S278,0.61291913,0.74290587,0.69943584
S279,0.67786929,0.52206959,0.59994366
S280,0.85174287,0.39384761,0.37260014
S281,0.60166237,0.40217462,0.15587073
S282,0.83748853,0.20298091,0.84844473
S283,0.96700224,0.37546707,0.83786743
S284,0.71512442,0.28169306,0.57581928
S285,0.49564402,0.58161811,0.45519557
S286,0.34669967,0.75938068,0.48964918
S287,0.53860263,0.51484564,0.51982467
S288,0.42495828,0.84010282,0.65613442
S289,0.53626721,0.28970177,0.76421525
S290,0.60185786,0.54627821,0.73064558
S291,0.29766869,0.83063461,0.62479025
S292,0.64315253,0.49661061,0.50460151
S293,0.50336309,0.70510238,0.78088899
S294,0.38930655,0.59850662,0.38876971
S295,0.58850961,0.52246208,0.40448561
S296,0.66756076,0.47601280,0.73164883
S297,0.58274840,0.73627151,0.54501432
S298,0.69676228,0.70553235,0.39063391
S299,0.52573245,0.35464521,0.76408268
S300,0.81145899,0.51309759,0.37999608
S301,0.54042384,0.48136607,0.38957580
S302,0.61134840,0.49955336,0.48166457
S303,0.60536612,0.37930960,0.73028005
S304,0.60454285,0.77330302,0.49230053
S305,0.57346507,0.56033528,0.72135516
S306,0.58572964,0.43731119,0.57981469
S307,0.72922959,0.33272429,0.67840496
S308,0.61839803,0.30980115,0.32773828
S309,0.73266504,0.49827909,0.39981534
S310,0.80899010,0.46606401,0.89309391
S311,0.45043808,0.74837380,0.56920269
S312,0.80762448,0.25954526,0.93129009
S313,0.54221679,0.66700584,0.35064096
S314,0.42099161,0.71545256,0.69861212
S315,0.79982806,0.28859901,0.73850818
S316,0.58828472,0.44173094,0.90851898
S317,0.34763499,0.49030499,0.61769584
S318,0.75131503,0.46443015,0.54009591
S319,0.82142200,0.63492437,0.57292625
S320,0.62338062,0.38098264,0.64305874
S321,0.48749125,0.48864659,0.39166775
S322,0.89177850,0.35042961,0.74020787
S323,0.72465668,0.18445378,0.63677347
S324,0.69846804,0.19739449,0.45969594
S325,0.65243253,0.58307039,0.54753004
S326,0.79565053,0.46377963,0.69711428
S327,0.92278976,0.28542812,0.66127390
S328,0.39280739,0.57502039,0.63495128
S329,0.54783293,0.46892983,0.61858367
S330,0.59803667,0.58431042,0.61607325
S331,0.46965633,0.28106350,0.58223916
S332,0.81697894,0.31141303,0.73268669
S333,0.61057331,0.70126051,0.59186482
S334,0.87635385,0.18855550,0.61734189
S335,0.65217661,0.46036609,0.82996673
S336,0.68538816,0.20682865,0.72729490
S337,0.33344615,0.78074333,0.42747926
S338,0.54058861,0.54789157,0.54730534
S339,0.63516916,0.14291603,0.77136130
S340,0.71346483,0.50304781,0.44110532
S341,0.83923992,0.20444265,0.73415474
S342,0.31231478,0.42158567,0.61623639
S343,0.32610198,0.89134067,0.27785129
S344,0.28242071,0.61409530,0.55032362
S345,0.39901588,0.70369508,0.32016118
S346,0.43060547,0.32495175,0.42905653
S347,0.80583648,0.64442694,0.36744932
S348,0.63555517,0.46657647,0.37616405
S349,0.61203822,0.65744940,0.36895799
S350,0.54350828,0.68963558,0.50448699
S351,0.65686054,0.53044893,0.43375024
S352,0.38730754,0.39010482,0.47991371
S353,0.43207641,0.38423295,0.45802613
S354,0.73819569,0.25084695,0.44802087
S355,0.28100957,0.67265928,0.29571656
S356,0.80062032,0.53785363,0.77518192
S357,0.48747309,0.43904008,0.49699906
S358,0.58548101,0.28979017,0.51326195
S359,0.48588854,0.08611487,0.78261862
S360,0.46807975,0.49939962,0.55508490
S361,0.95122298,0.34864114,0.74104889
S362,0.33225118,0.68266790,0.50166102
S363,0.77685590,0.18151353,0.76476293
S364,0.83771002,0.52221866,0.46002671
S365,0.58115830,0.69907786,0.39376051
S366,0.49622729,0.35917301,0.36995639
S367,0.92468485,0.37109743,0.48981732
S368,0.61794612,0.47307012,0.65732536
S369,0.55996403,0.68125762,0.51174888
S370,0.39864737,0.41143989,0.61377920
S371,0.30639384,0.63778413,0.55374065
S372,0.66060611,0.76056932,0.40816777
S373,0.66811038,0.41859499,0.31686214
S374,0.52595919,0.35859288,0.66125972
S375,0.64000147,0.74249114,0.46991661
S376,0.29055309,0.78535301,0.39852255
S377,0.52225243,0.79340176,0.43701778
S378,0.59752296,0.40867405,0.53056575
S379,0.65249134,0.52429088,0.52033375
S380,0.56794592,0.45167347,0.51346935
S381,0.38430547,0.38671383,0.34408462
S382,0.49317708,0.66602539,0.39298122
S383,0.69247535,0.40061601,0.84913126
S384,0.57452972,0.66154417,0.53128556
S385,0.68498795,0.51021711,0.62944534
S386,0.78297060,0.33108036,0.77364864
S387,0.54428259,0.47519465,0.35414518
S388,0.58832456,0.60578834,0.59088114
S389,0.98768864,0.66110832,0.47914129
S390,0.40040077,0.47714542,0.33708519
S391,0.81008285,0.47009765,0.42624744
S392,0.72735938,0.39893377,0.41056296
S393,0.63195673,0.57681320,0.34427956
S394,0.58071166,0.36277413,0.50928868
S395,0.88321046,0.37667540,0.63759877
S396,0.37580918,0.56999258,0.48456788
S397,0.62246524,0.50930827,0.67190025
S398,0.66664022,0.72236679,0.64470896
S399,0.76239166,0.46931531,0.23586064
S400,0.51354106,0.79102999,0.38354271
S401,0.35142730,0.43456200,0.56769340
S402,0.41236347,0.56967327,0.44714141
S403,0.41441396,0.52041925,0.56251120
S404,0.47786690,0.33022541,0.79693335
S405,0.49841401,0.55100889,0.56991390
S406,0.91962212,0.44416194,0.75911652
S407,0.35390909,0.52919281,0.38461183
S408,0.70657663,0.42995409,0.75590843
S409,0.54857308,0.63969520,0.41643267
S410,0.42177899,0.54341357,0.49399063
S411,0.58967148,0.54706304,0.54062449
S412,0.61446002,0.16969181,0.49628035
S413,0.54266361,0.41784111,0.43183732
S414,0.69523312,0.53644835,0.56866727
S415,0.56348488,0.57972785,0.35706835
S416,0.74986844,0.72174568,0.67829056
S417,0.64033849,0.54710083,0.50969257
S418,0.49127198,0.77369174,0.35543944
S419,0.32537339,0.65554393,0.32345133
S420,0.73202173,0.06439743,0.48536747
S421,0.53206904,0.60244474,0.40415997
S422,0.71435380,0.33807889,0.73348356
S423,0.53772260,0.74799524,0.33524833
S424,0.50543518,0.78697130,0.64807267
S425,0.49058050,0.57197931,0.71103630
S426,0.26765077,0.41102101,0.71051705
S427,0.42426507,0.36061760,0.69852459
S428,0.63868130,0.41746806,0.62924312
S429,0.73809391,0.27801318,0.59426950
S430,0.52576091,0.58891549,0.44986569
S431,0.74593152,0.45251368,0.93328598
S432,0.82546376,0.40323693,0.47462217
S433,0.38515355,0.54148296,0.62428305
S434,0.71734999,0.65659453,0.55865128
S435,0.95793303,0.26961707,1.00000000
S436,0.62225580,0.26413468,0.64640135
S437,0.63245646,0.44406767,0.49612808
S438,0.68897244,0.11793758,0.45205639
S439,0.36166280,0.44305360,0.47584443
S440,0.48635242,0.55164974,0.34189400
S441,0.93748337,0.13534239,0.61077286
S442,0.49131254,0.80759983,0.49935702
S443,0.52452449,0.38622976,0.33382899
S444,0.88012540,0.49280361,0.56096110
S445,0.43964501,0.72607577,0.51077100
S446,0.39131128,0.72624840,0.55522715
S447,0.30979095,0.62098467,0.50797856
S448,0.28610060,0.70135695,0.32713396
S449,0.49015168,0.43370770,0.39919147
S450,0.90326952,0.37207370,0.87874234
S451,0.78288383,0.46153106,0.62788357
S452,0.69802596,0.41553240,0.82387233
S453,0.43951158,0.38021205,0.50861310
S454,0.34813365,0.50125111,0.44723015
S455,0.42313476,0.46654929,0.36663072
S456,0.68600632,0.46042765,0.77203609
S457,0.78328434,0.15312791,0.69582618
S458,0.34959612,0.89830180,0.52019410
S459,0.66123642,0.34902630,0.74109457
S460,0.57038203,0.66183496,0.40420835
S461,0.74020139,0.73640112,0.55907106
S462,0.74794576,0.68296435,0.76884463
S463,0.80017661,0.43824077,0.64857728
S464,0.76377790,0.41659977,0.55094039
S465,0.76823492,0.37169221,0.65471087
S466,0.50830236,0.44331594,0.63416894
S467,0.85460698,0.20364801,0.67072645
S468,0.75270221,0.48978028,0.77621778
S469,0.93415575,0.33155685,0.75041241
S470,0.37081018,0.72107517,0.61302094
S471,0.45675787,0.77458425,0.46394395
S472,0.46677053,0.45982002,0.32258184
S473,0.77820734,0.31570552,0.66459544
S474,0.33549541,0.49763941,0.14565985
S475,0.49377892,0.46429549,0.60359463
S476,0.59996979,0.41175703,0.58343052
S477,0.70823928,0.63611191,0.63015522
S478,0.82840653,0.09413031,0.70357993
S479,0.46655143,0.59553749,0.58648028
S480,0.77972272,0.53624820,0.59053139
S481,0.57852304,0.32940503,0.54216054
S482,0.75931298,0.32823444,0.64739148
S483,0.63426923,0.31394352,0.75285289
S484,0.60648879,0.50658629,0.33781584
S485,0.28906471,0.68329616,0.77851628
S486,0.67150060,0.45104868,0.64276086
S487,0.54663853,0.46292383,0.43194784
S488,0.82741052,0.26724600,0.44233948
S489,0.70924903,0.52963751,0.77805668
S490,0.22594247,0.61242198,0.36276426
S491,0.61853884,0.42239851,0.77706274
S492,0.33403337,0.50691507,0.36275184
S493,0.76210774,0.11162266,0.73120549
S494,0.66119641,0.47113326,0.56773513
S495,0.67406108,0.21023294,0.46702932
S496,0.86668086,0.44203424,0.88065733
S497,0.84969869,0.08310750,0.85911516
S498,0.48361810,0.70348968,0.32705358
S499,0.17964939,0.90703352,0.71641565
S500,0.74111105,0.31104040,0.39119073
S501,0.53059173,0.47523558,0.67220002
S502,0.67193989,0.50395072,0.58166194
S503,0.59662620,0.65254894,0.26959752
S504,0.69580969,0.60483405,0.75711009
S505,0.49797530,0.45934672,0.56420725
S506,0.37370171,0.49725218,0.39674918
S507,0.67135950,0.47962207,0.42772020
S508,0.55944163,0.41398955,0.57116547
S509,0.78706192,0.29063626,0.77413903
S510,0.61568149,0.53484435,0.41818667
S511,0.40705976,0.58914423,0.33283899
S512,0.61526912,0.53197552,0.46838182
S513,0.76257869,0.48598685,0.60146055
S514,0.45897454,0.62209859,0.35733611
S515,0.36901933,0.69571224,0.26548457
S516,0.42408679,0.53843510,0.50230931
S517,0.83740778,0.18788886,0.85531369
S518,0.57904073,0.26184625,0.26805491
S519,0.54894521,0.09318857,0.71168838
S520,0.58849075,0.37474739,0.57096829
S521,0.51409254,0.38519797,0.60371787
S522,0.79510676,0.37335858,0.32722381
S523,0.54373675,0.65491126,0.51256133
S524,0.47582340,0.42174078,0.62065418
S525,0.46025620,0.88552398,0.41621244
S526,0.95568813,0.34230922,0.81766447
S527,0.56301847,0.44046047,0.78518380
S528,0.56665929,0.66102694,0.48819971
S529,0.63687555,0.30410681,0.57447682
S530,0.75261454,0.58254960,0.79158141
S531,0.76738900,0.61825816,0.68824259
S532,0.66626825,0.51570786,0.70532867
S533,0.76220334,0.24433444,0.57906717
S534,0.46743556,0.70329859,0.61253412
S535,0.52523823,0.50625357,0.29777988
S536,0.74851679,0.68721170,0.50447614
S537,0.57144530,0.63635896,0.52818104
S538,0.59604490,0.70682695,0.65166075
S539,0.50624810,0.69132301,0.34192687
S540,0.54538819,0.49881402,0.72717841
S541,0.69989710,0.35865528,0.67524674
S542,0.55612323,0.62628684,0.51462155
S543,0.72036725,0.48037194,1.00000000
S544,0.38013407,0.29970262,0.64995456
S545,0.67285588,0.51829577,0.56149924
S546,0.45190496,0.51697976,0.63014135
S547,0.37362120,0.60891259,0.55752700
S548,0.28687754,0.53488690,0.48512911
S549,0.69938131,0.31052847,0.39663498
S550,0.14108777,0.87322375,0.36927283
S551,0.52807090,0.39921589,0.47486836
S552,0.67186476,0.58857845,0.39045494
S553,0.47595232,0.63631148,0.37087468
S554,0.60739159,0.17269191,0.48681017
S555,0.28117089,0.48498896,0.53485271
S556,0.45124203,0.62750966,0.43948294
S557,0.48148785,0.45728618,0.21840669
S558,0.70327992,0.50390724,0.44374213
S559,0.71391827,0.54697466,0.28095833
S560,0.61107352,0.44704284,0.83032326
S561,0.59118242,0.42410106,0.80674995
S562,0.54494293,0.82097178,0.67990016
S563,0.77476219,0.69334978,0.49717347
S564,0.87657691,0.55142149,0.61995691
S565,0.45754812,0.68172106,0.58271752
S566,0.48270897,0.61329271,0.43771648
S567,0.57287947,0.42287864,0.66283290
S568,0.40340375,0.32155380,0.35153030
S569,0.45517924,0.35001109,0.61611785
S570,0.62547298,0.65250411,0.61400394
S571,0.58783694,0.25962175,0.58039916
S572,0.83755895,0.51583520,0.83767040
S573,0.67646829,0.41765697,0.50205518
S574,0.71445480,0.41307100,0.48429058
S575,0.53882640,0.62667933,0.82897952
S576,0.52968920,0.22659656,0.54900480
S577,0.63635213,0.43293322,0.77404753
S578,0.69963410,0.41277714,0.70546295
S579,0.73557124,0.36327561,0.65169804
S580,0.75955519,0.51487515,0.57134785
S581,0.46342763,0.44385513,0.49069881
S582,0.73260963,0.43446257,0.90761475
S583,0.63223232,0.44773286,0.77685819
S584,0.61503769,0.54514141,0.60315124
S585,0.28816976,0.75931904,0.52219592
S586,0.56919302,0.27355927,0.59505733
S587,0.62971801,0.28168299,0.61676705
S588,0.84907439,0.33650262,0.55927511
S589,0.43428010,0.49533283,0.76630819
S590,0.48290595,0.48624923,0.60871583
S591,0.70377098,0.20171687,0.27709555
S592,0.42359447,0.68861294,0.35355698
S593,0.49738017,0.49135507,0.65208394
S594,0.81369461,0.44727102,0.50012185
S595,0.60128744,0.07968661,0.67242552
S596,0.86478827,0.01657810,0.61387800
S597,0.59792437,0.66028539,0.75067875
S598,0.28603387,0.72381982,0.27017378
S599,0.64070729,0.60685183,0.54130976
S600,0.62235356,0.26168106,0.60086774
S601,0.66163613,0.33446023,0.49477724
S602,0.56478892,0.33899988,0.44587989
S603,0.79471946,0.31250770,0.92552561
S604,0.62825728,0.35785106,0.68195384
S605,0.39245467,0.60089555,0.49018073
S606,0.66493043,0.91692693,0.63021375
S607,0.55189112,0.60630751,0.72803304
S608,0.62061028,0.71900149,0.37887745
S609,0.58657759,0.74901688,0.47658304
S610,0.83288797,0.57013307,0.29937300
S611,0.64319924,0.75606736,0.69047631
S612,0.46141258,0.64677612,0.53954714
S613,0.58535724,0.45850563,0.55308234
S614,0.93660701,0.35830488,1.00000000
S615,0.65409774,0.44318160,0.38871408
S616,0.55580026,0.56289846,0.44981717
S617,0.74519995,0.58271790,0.54195115
S618,0.22577804,0.62267426,0.40142159
S619,0.58939486,0.32630619,0.46170372
S620,0.63457809,0.94245258,0.50985954
S621,0.69234262,0.69384856,0.47294679
S622,0.67261695,0.84390510,0.76637592
S623,0.84096891,0.44684309,0.81018673
S624,0.87461361,0.33857034,0.76740818
S625,0.62910847,0.22037587,0.72803674
S626,0.50632243,0.45150989,0.69655759
S627,0.50929854,0.95975122,0.77538942
S628,0.42128951,0.62953747,0.46052585
S629,0.77128626,0.50113169,0.75407079
S630,0.60083350,0.47689976,0.54689462
S631,0.61307986,0.59000578,0.48485543
S632,0.35704334,0.68449458,0.44717136
S633,0.95854904,0.39473034,0.71267151
S634,0.60532479,0.60500400,0.32560841
S635,0.20479137,0.70620243,0.59885431
S636,0.91592365,0.30749832,0.48362646
S637,0.53859385,0.61891309,0.54574083
S638,0.51056469,0.76759270,0.38641290
S639,0.71151552,0.39208022,0.64705489
S640,0.09892953,0.63639620,0.57611137
S641,0.87269078,0.43892978,0.69861276
S642,0.47638527,0.38716637,0.68718930
S643,0.68137710,0.61570522,0.40458807
S644,0.49474684,0.97421103,0.32106200
S645,0.48273741,0.54193868,0.15042001
S646,0.85068097,0.31418167,0.75518014
S647,0.83322092,0.57727538,0.54178962
S648,0.61967767,0.16492503,0.53929190
S649,0.87949651,0.60552326,0.48426227
S650,0.76973516,0.15910255,0.80183397
S651,0.56446153,0.24979971,0.74543577
S652,0.89100679,0.56923953,0.48928684
S653,1.00000000,0.21389031,0.72815486
S654,0.67090272,0.56726927,0.62732085
S655,0.29808308,0.67794890,0.40644720
S656,0.19920272,0.34195841,0.49560478
S657,0.21842478,0.80684807,0.53822861
S658,0.48409305,0.41111599,0.47557197
S659,0.55350570,0.59805363,0.60938808
S660,0.75329362,0.58568496,0.40442463
S661,0.73829870,0.05460301,0.56445857
S662,0.64835112,0.50090482,0.58934229
S663,0.61463490,0.50191297,0.57791689
S664,0.56851018,0.61036536,0.39555197
S665,0.71867434,0.41899989,0.72662305
S666,0.44017122,0.42876866,0.30657007
S667,0.57578246,0.48689991,0.59167534
S668,0.67973454,0.00000000,0.48330833
S669,0.68473195,0.53079188,0.65287659
S670,0.37494115,0.50519403,0.57093442
S671,0.65508115,0.37863431,0.67324258
S672,0.33404912,0.50294737,0.57670693
S673,0.68169268,0.51809469,0.59855176
S674,0.58006299,0.41281152,0.65899008
S675,0.79360119,0.39634451,0.69752780
S676,0.24221719,0.50981340,0.36755021
S677,0.61038886,0.75149025,0.21608334
S678,0.56118805,0.58360961,0.58462512
S679,0.63887727,0.21588541,0.85164719
S680,0.80428069,0.32051615,0.46396799
S681,0.57644191,0.58259050,0.46995378
S682,0.79200799,0.77605787,0.42008974
S683,0.75160327,0.56747720,0.66348904
S684,0.79930939,0.49403730,0.50199280
S685,0.67436925,0.47361417,0.58573560
S686,0.44473113,0.55609667,0.31186893
S687,0.73971651,0.61976023,0.62789324
S688,0.76663834,0.26782419,0.39873683
S689,0.53646817,0.47681381,0.78545806
S690,0.51449664,0.53543209,0.28798908
S691,0.83005207,0.51922761,0.43948842
S692,0.70908528,0.55852571,0.58019973
S693,0.79184614,0.35884243,0.65297492
S694,0.44433587,0.59513687,0.32842545
S695,0.62064205,0.60029632,0.65909190
S696,0.61572090,0.50363208,0.61564487
S697,0.61822208,0.47189192,1.00000000
S698,0.54993217,0.61372568,0.67936555
S699,0.50006154,0.65713998,0.37800043
S700,0.52363373,0.51586617,0.70754533
S701,0.67316300,0.42290087,0.58303159
S702,0.85387609,0.65624723,0.85810360
S703,0.53656856,0.39113385,0.22487639
S704,0.59228104,0.53606541,0.77097295
S705,0.44747198,0.46288412,0.86369596
S706,0.74053513,0.52863818,0.80553182
S707,0.45606452,0.56633153,0.57177638
S708,0.58135839,0.21740006,0.64764306
S709,0.54713894,0.48879550,0.60642344
S710,0.67801134,0.56132573,0.87312588
S711,0.57065572,0.43782743,0.43905093
S712,0.77166682,0.16008558,0.40633994
S713,0.28998310,0.63532394,0.60289665
S714,0.59201867,0.08030660,0.65338839
S715,0.63674093,0.32288824,0.61814865
S716,0.58893839,0.43641510,0.76367203
S717,0.62525911,0.42953369,0.78460352
S718,0.78610218,0.45494983,0.44920667
S719,0.73705132,0.53864943,0.56681840
S720,0.49730081,0.31537376,0.31462628
S721,0.64380913,0.45163987,0.56727262
S722,0.63417761,0.29908982,0.86539305
S723,0.57998239,0.56439936,0.54811269
S724,0.69068393,0.58498290,0.32749634
S725,0.74816785,0.56400760,0.60425146
S726,0.63776550,0.48067655,0.61642602
S727,0.59580247,0.39471628,0.38843092
S728,0.46483089,0.87941674,0.66507483
S729,0.67924392,0.41986859,0.37485935
S730,0.65731840,0.45012263,0.79251974
S731,0.74435773,0.49074012,0.63316624
S732,0.72150115,0.60022909,0.55925860
S733,0.70159774,0.30552935,0.49372188
S734,0.70716856,0.29402946,0.50229657
S735,0.51342051,0.54152839,0.61249811
S736,0.61144782,0.49970806,0.47678564
S737,0.47297631,0.54900267,0.49600319
S738,0.80437943,0.53918454,0.33660959
S739,0.34955690,0.21629118,0.52717097
S740,0.43283713,0.96517715,0.60210320
S741,0.39953487,0.74209601,0.64424921
S742,0.45395115,0.33039231,0.84939334
S743,0.67345560,0.58878722,0.70797270
S744,0.54346093,0.77708176,0.32860248
S745,0.48564407,0.48553702,0.51903655
S746,0.86196862,0.52550602,0.88521445
S747,0.44411482,0.53478546,0.53900324
S748,0.39993646,0.57407110,0.32229160
S749,0.36458784,0.48330515,0.42491773
S750,0.76710230,0.45988900,0.78423625
S751,0.45438679,0.49323961,0.75558133
S752,0.63542416,0.44835059,0.34894800
S753,0.38443507,0.53979701,0.47885507
S754,0.45410870,0.67857033,0.67745220
S755,0.45703381,0.40908792,0.53840833
S756,0.80894459,0.35452733,0.71853161
S757,0.66402503,0.36615054,0.72290613
S758,1.00000000,0.61082386,0.79774717
S759,0.77456812,0.37267295,0.13050239
S760,0.73664863,0.35791705,0.50368779
S761,0.48357837,0.56079283,0.39155653
S762,0.94438386,0.29038906,0.80237152
S763,0.70441208,0.60017728,0.48359643
S764,0.51355866,0.67186036,0.49296917
S765,0.71404072,0.53301197,0.50600826
S766,0.72276033,0.35379327,0.63778702
S767,0.65789267,0.55957668,0.57127391
S768,0.48806774,0.51323058,0.44007409
S769,0.41344994,0.31365434,0.45808719
S770,0.36089677,0.64477672,0.60462370
S771,0.70602154,0.26434599,0.71671408
S772,0.42712440,0.66185944,0.43105926
S773,0.48394823,0.42227486,0.18980227
S774,0.27503311,0.46114108,0.73974929
S775,0.86208868,0.19029451,0.91449539
S776,0.33582795,0.49066556,0.58498712
S777,0.96064654,0.23887837,0.77576849
S778,0.44483764,0.62657282,0.25618789
S779,0.75566497,0.50829061,0.42936119
S780,0.41822611,0.66885695,0.53730793
S781,0.46634014,0.36666923,0.64544457
S782,0.72032821,0.30597592,0.54246166
S783,0.72933307,0.32234643,0.46806790
S784,0.41531652,0.61190021,0.44384998
S785,0.91740065,0.39395455,0.55116624
S786,0.61466622,0.33855965,0.66081881
S787,0.85879475,0.41956804,0.71101068
S788,0.61857273,0.39683555,0.23618715
S789,0.52543674,0.63750312,0.31467257
S790,0.71860848,0.37717615,0.60541358
S791,0.67212555,0.33514414,0.53718358
S792,0.68717780,0.16392561,0.45181975
S793,0.54620014,0.46320784,0.75948756
S794,0.66512381,0.40246057,0.63689736
S795,0.37885413,0.77308363,0.41357979
S796,0.58654198,0.46943449,0.53558574
S797,0.71361651,0.36320365,0.66368674
S798,0.77981972,0.54122633,0.59151053
S799,0.59119817,0.61409685,0.61605650
S800,0.55128660,0.78806065,0.55557738
S801,0.62608489,0.78212191,0.36797610
S802,0.78106825,0.22174924,0.62837077
S803,0.37568974,0.49654713,0.41199223
S804,0.39084707,0.59756866,0.83609829
S805,0.40736617,0.77268105,0.61956291
S806,0.69734470,0.37495748,0.71650608
S807,0.54776124,0.48118562,0.44081575
S808,0.45901456,0.61531280,0.58795187
S809,0.39438470,0.61275256,0.86340700
S810,0.66047629,0.46327758,0.58468937
S811,0.43381784,0.35258263,0.72617368
S812,0.79833626,0.47447854,0.52439020
S813,0.68532239,0.53625603,0.68644311
S814,0.75271787,0.47430411,0.38746465
S815,0.68424624,0.05778374,0.52004759
S816,0.60600769,0.49399589,0.56054390
S817,0.44357968,0.25732505,0.54376072
S818,0.59429472,0.36228436,0.47567498
S819,0.42310902,0.49695862,0.30488777
S820,0.56315337,0.27527248,0.76938227
S821,0.35012125,0.49573020,0.52715909
S822,0.48346712,0.45715696,0.33705980
S823,0.79573917,0.52383422,0.69355375
S824,0.60926651,0.74907145,0.57618886
S825,0.64635750,0.61293014,0.44651695
S826,0.78597523,0.54730673,0.61908553
S827,0.70953823,0.17563286,0.57803892
S828,0.36222648,0.65311802,0.46961985
S829,0.49116950,0.67096676,0.37305543
S830,0.61637270,0.34449632,0.43849076
S831,0.52986821,0.74817920,0.41058942
S832,0.45541535,0.50254123,0.68664782
S833,0.63301420,0.19648489,0.72735499
S834,0.56164972,0.50949798,0.72760351
S835,0.51407180,0.61220703,0.57398017
S836,0.76740148,0.24248045,0.74884453
S837,0.58263321,0.63603522,0.58100472
S838,0.33718777,0.44053002,0.46856602
S839,0.62017855,0.31985153,0.62028938
S840,0.37007658,0.55373088,0.51228459
S841,0.74949604,0.51151887,0.44573729
S842,0.35597006,0.53458345,0.66239310
S843,1.00000000,0.08477046,0.61806210
S844,0.88885878,0.22191808,0.67691516
S845,0.68130520,0.45333702,0.80951233
S846,0.63544914,0.21283365,0.59762771
S847,0.60861238,0.00000000,0.76248136
S848,0.66687712,0.34575958,0.42148777
S849,0.52130935,0.48226080,0.50856420
S850,0.57551858,0.68722439,0.24503642
S851,0.45995370,0.21118312,0.90175805
S852,0.76080668,0.33344146,0.51497535
S853,0.61792200,0.56324308,0.39254875
S854,0.57741796,0.44633593,0.64394504
S855,0.42077403,0.73940706,0.46431006
S856,0.23674755,0.48953722,0.35494045
S857,0.62069855,0.43898254,0.54157379
S858,0.48857687,0.57600366,0.55785808
S859,0.65640902,0.41991714,0.52436439
S860,0.74922910,0.43415203,0.56424994
S861,0.75870878,0.43955784,0.32739973
S862,0.55699473,0.57604486,0.34783432
S863,0.47172428,0.80007604,0.67950753
S864,0.79039629,0.19105138,0.43104620
S865,0.33625660,0.67491640,0.26911298
S866,0.59381174,0.76804675,0.33919433
S867,0.91709459,0.36927807,0.80538481
S868,0.71009415,0.70945516,0.34274860
S869,0.27549033,0.75700033,0.42065956
S870,0.68629588,0.13220640,0.74078772
S871,0.87751910,0.22410841,0.85110506
S872,0.40382057,0.61538595,0.33647676
S873,0.71471503,0.56826614,0.46150346
S874,0.79851043,0.40139683,0.69451253
S875,0.49620983,0.86200992,0.44812596
S876,0.50692975,0.47700716,0.68564812
S877,0.40222694,0.85442740,0.20905825
S878,0.76882899,0.49825142,0.60436287
S879,0.70601064,0.44229906,0.70569788
S880,0.70302234,0.60515903,0.36917671
S881,0.84486362,0.26843846,0.75454867
S882,0.55848927,0.42779630,0.49991053
S883,0.92302250,0.22266643,0.67683752
S884,0.76003007,0.42111943,0.59558707
S885,0.63796043,0.57603445,0.37542797
S886,0.93953961,0.54683330,0.45252057
S887,0.43983211,0.85225662,0.58630458
S888,0.34096644,0.41543012,0.52140336
S889,0.83983144,0.58981119,0.61085207
S890,0.44851108,0.88094136,0.42505507
S891,0.65926292,0.65461339,0.94196567
S892,0.46218276,0.64551315,0.49009222
S893,0.70425811,0.33124235,0.49409356
S894,0.66744536,0.48004801,0.41163195
S895,0.62259402,0.32953106,0.58621963
S896,0.73402584,0.32596062,0.61868602
S897,0.58347274,0.46776920,0.52849489
S898,0.86675513,0.49842253,0.50391143
S899,0.41890518,0.63875989,0.22629343
S900,0.74724549,0.31425845,0.70930147
S901,0.58796313,0.66859434,0.79928808
S902,0.89756626,0.59411626,0.64987085
S903,0.94138001,0.26995113,0.74195087
S904,0.46018660,0.32375868,0.55690054
S905,0.52820753,0.85418277,0.57993855
S906,0.78906232,0.80693814,0.56192166
S907,0.68479294,0.28087707,0.58741484
S908,0.54994504,0.70993770,0.43134483
S909,0.39412370,0.72133756,0.41935239
S910,0.82251928,0.50681248,0.59355851
S911,0.48502148,0.51860885,0.60306826
S912,0.98679822,0.17625468,0.51670071
S913,0.77072494,0.65980201,0.25013907
S914,0.92028337,0.22026337,0.69178375
S915,0.75398024,0.48373633,0.57915472
S916,0.52307421,0.37924525,0.60494537
S917,0.84020154,0.17406325,0.56884501
S918,0.79990034,0.57216922,0.73824358
S919,0.58079916,0.42959024,0.37990929
S920,0.86024598,0.32398496,0.75456853
S921,0.36650956,0.79173816,0.21861054
S922,0.29943205,0.56258654,0.44246402
S923,0.25584190,0.96740893,0.22988370
S924,0.44869017,0.78864070,0.41078634
S925,0.45929333,0.73878923,0.49676268
S926,0.49816654,0.64164982,0.52857909
S927,0.99379381,0.43403375,0.85596485
S928,0.58200929,0.32391290,0.62156808
S929,0.68723382,0.45412179,0.34434665
S930,0.23908203,0.59180423,0.44222366
S931,0.30184661,0.55356568,0.45654448
S932,0.57241539,0.44008415,0.83627674
S933,0.80822593,0.52819106,0.42022888
S934,0.77287786,0.77340016,0.49032020
S935,0.41978415,0.58243095,0.66994535
S936,0.29491347,0.96478931,0.46146791
S937,0.70549606,0.49889971,0.69028235
S938,0.51147316,0.52182706,0.53830452
S939,0.50752252,0.56993652,0.40318505
S940,0.95189715,0.19509988,0.64963171
S941,0.95613718,0.29747464,0.69273894
S942,0.54255038,0.73281293,0.42265694
S943,0.72133742,0.22645469,0.92464823
S944,0.45092883,0.97959712,0.52509940
S945,0.35632609,0.87048352,0.43658993
S946,0.44116382,0.60472761,0.53908764
S947,0.75568124,0.42767275,0.57434674
S948,0.73293147,0.50760467,0.73811769
S949,0.72646190,0.27621067,0.51065477
S950,1.00000000,0.25238974,0.69069661
S951,0.47289019,0.28800750,0.71884762
S952,0.59184573,0.72105548,0.64705317
S953,0.63140312,0.18341349,0.49776420
S954,0.48258347,0.65919792,0.44266078
S955,0.45131208,0.61551580,0.37772014
S956,0.69548766,0.46379367,0.83926533
S957,0.77441811,0.59663326,0.53614518
S958,0.48846796,0.48377520,0.19403091
S959,0.51288452,0.75543834,0.67184050
S960,0.80748008,0.60983650,0.55003144
S961,0.75593031,0.12084307,0.39341292
S962,0.50344720,0.61148623,0.45660380
S963,0.36120968,0.62498924,0.77471315
S964,0.44545475,0.30779201,0.61945861
S965,0.61386654,0.55289915,0.59759881
S966,0.58925697,0.64907006,0.57631408
S967,0.56098005,0.57017259,0.75764863
S968,0.32688418,0.44794865,0.63996999
S969,0.72179142,0.11412825,0.34820673
S970,0.78988994,0.35431694,0.80011508
S971,0.68284766,0.64309871,0.56203225
S972,0.57516643,0.72445312,0.52879156
S973,0.63037516,0.23710180,0.65090916
S974,0.81112825,0.27004904,0.73645927
S975,0.69342477,0.74724903,0.43985918
S976,0.62060773,0.57168441,0.45263659
S977,0.95477150,0.66300173,0.26994683
S978,0.55107181,0.30814945,0.82031672
S979,0.41773523,0.32397305,0.47262127
S980,0.62660617,0.68680383,0.49121056
S981,0.57543263,0.65938291,0.39556904
S982,0.53434715,0.16321125,0.48135720
S983,0.46495860,0.42895028,0.52776384
S984,0.60919680,0.48793928,0.63134244
S985,0.33431783,0.71592357,0.43441164
S986,0.61506400,0.34509608,0.65727145
S987,0.53437303,0.60265930,0.43570273
S988,0.41640370,0.43053718,0.58040270
S989,0.56384455,0.29861771,0.64619796
S990,0.52243197,0.47026065,0.66404013
S991,0.40489997,0.70720763,0.51566465
S992,0.55124358,0.80405869,0.57796397
S993,0.82463703,0.58587218,0.77690467
S994,0.81862854,0.52877780,0.56699237
S995,0.74728011,0.28714479,0.71263345
S996,0.77358188,0.41881048,0.64369719
S997,0.74183517,0.41344049,0.30227691
S998,0.38616775,0.39309241,0.49903783
S999,0.42852048,0.45411030,0.32330406
S1000,0.62684963,0.47388519,0.43476483
S1001,0.44316786,0.96162699,0.48928394
S1002,0.54216511,0.63788277,0.51779090
S1003,0.44439276,0.53242403,0.49552830
S1004,0.48158894,0.42477798,0.66195523
S1005,0.49030555,0.45279835,0.39119708
S1006,0.66013290,0.28806059,0.74018904
S1007,0.59561888,0.60573994,0.48147149
S1008,0.88303721,0.41624782,0.83453293
S1009,0.81921533,0.36001700,0.79502492
S1010,0.39302963,0.51241709,0.71682540
S1011,0.59981987,0.49336137,0.47972869
S1012,0.95504122,0.38444747,0.47760954
S1013,0.66553935,0.46342316,0.62786454
S1014,0.99160324,0.53813247,0.76626154
S1015,0.97141990,0.38225530,0.56387718
S1016,0.91219310,0.40196554,0.83130617
S1017,0.49199121,0.31544722,0.23381968
S1018,0.14390280,0.76982356,0.45162227
S1019,0.63187532,0.66999912,0.52518836
S1020,0.52063406,0.56595761,0.71165351
S1021,0.61718069,0.62836118,0.42192212
S1022,0.60241817,0.45939819,0.72407532
S1023,0.62611245,0.68667532,0.48990286
S1024,0.63280020,0.43940530,0.63330571
S1025,0.47605104,0.55764101,0.40540821
S1026,0.46020124,0.78928400,0.37497801
S1027,0.69507048,0.60462940,0.42256761
S1028,0.34870089,0.49622054,0.47207772
S1029,0.78644542,0.55887606,0.49312696
S1030,0.84443916,0.41084228,0.62326218
S1031,0.60214163,0.45071801,0.50669375
S1032,0.66533205,0.19976694,0.71702820
S1033,0.53822440,0.61665596,0.49603493
S1034,0.61942160,0.34775966,0.54548736
S1035,0.35279307,0.58638704,0.41045586
S1036,0.64946514,0.24676470,0.50637763
S1037,0.53264394,0.33236220,0.44215060
S1038,0.47049010,0.50766006,0.15471706
S1039,0.43747010,0.71826536,0.48008032
S1040,0.76695247,0.36226587,0.90312214
S1041,0.67380544,0.29286146,0.63514436
S1042,0.67659304,0.61770032,0.70851353
S1043,0.55700075,0.37987535,0.55094777
S1044,0.61464936,0.39681674,0.60759755
S1045,0.55769478,0.48710040,0.34206765
S1046,0.56981647,0.42987060,0.46345544
S1047,0.96868661,0.55715219,0.45697864
S1048,0.78023888,0.29615444,0.55230567
S1049,0.44910711,0.82326121,0.56073844
S1050,0.55103587,0.69040541,0.41789695
S1051,0.66699543,0.56155523,0.56120595
S1052,0.76318085,0.50458862,0.42693637
S1053,0.45629856,0.59440438,0.39485828
S1054,0.45061864,0.47332820,0.40779835
S1055,0.43828989,0.63025197,0.45420958
S1056,0.88665996,0.26036721,0.75686185
S1057,0.76252201,0.46840877,0.41174737
S1058,0.62126646,0.35081029,0.46182377
S1059,0.62294767,0.66896083,0.40069312
S1060,0.75207804,0.39435872,0.49446322
S1061,0.54823456,0.40384587,0.68688562
S1062,0.43998620,0.42389245,0.55507168
S1063,0.75483648,0.50401030,0.53599235
S1064,0.83355029,0.53043208,0.67474085
S1065,0.39986926,0.49418324,0.48497229
S1066,0.51039222,0.54007711,0.78828483
S1067,0.89206893,0.30031268,0.77940187
S1068,0.57687083,0.50033569,0.66105429
S1069,0.85931507,0.57079703,0.84711729
S1070,0.34496314,0.30362943,0.69462225
S1071,0.74137696,0.61502291,0.50013802
S1072,0.35360278,0.55454203,0.25191625
S1073,0.72458076,0.60796538,0.61450782
S1074,0.75821144,0.63340577,0.64142787
S1075,0.47421021,0.66098708,0.47590574
S1076,0.69724114,0.18547023,0.42545802
S1077,0.68462464,0.28949185,0.48336792
S1078,0.45636541,0.48148492,0.82068048
S1079,0.68812142,0.65894598,0.48387618
S1080,0.57437023,0.65895327,0.40312812
S1081,0.83366080,0.17793661,0.54496723
S1082,0.53864623,0.65268392,0.40856849
S1083,0.71823758,0.62304800,0.50863189
S1084,0.39501579,0.55968572,0.43541508
S1085,0.76285260,0.40480299,0.49510763
S1086,0.48985956,0.27330823,0.47018234
S1087,0.74374399,0.43737449,0.39599215
S1088,0.38534239,0.82805765,0.52615204
S1089,0.46895110,0.44637908,0.54603314
S1090,0.77327012,0.60112088,0.41214171
S1091,0.66405991,0.48953301,0.53798696
S1092,0.73832675,0.30181143,0.59979616
S1093,0.68066423,0.66553307,0.70310510
S1094,1.00000000,0.31991732,0.65211230
S1095,0.42866723,0.87058513,0.15618204
S1096,0.41785687,0.41022445,0.64409538
S1097,0.65472691,0.39813476,0.32168172
S1098,0.41682048,0.49751371,0.58518825
S1099,0.75456846,0.39165394,0.37832419
S1100,0.80889031,0.46535639,0.41312766
S1101,0.77294113,0.33072842,0.47345469
S1102,0.68033575,0.36632160,0.54197569
S1103,0.36399249,0.70985508,0.38277700
S1104,0.64908096,0.39449830,0.84639779
S1105,0.48337030,0.57229942,0.56965005
S1106,0.34768006,0.38849458,0.43281663
S1107,0.83983604,0.23153514,0.28047430
S1108,0.67364008,0.56974174,0.22705798
S1109,0.46353422,0.56497382,0.39876871
S1110,0.61414531,0.47958370,0.56490455
S1111,0.65466394,0.37321146,0.32232034
S1112,0.60186644,0.14344819,0.70774320
S1113,0.78645754,0.45451301,0.74092505
S1114,0.75964159,0.35238994,0.69321398
S1115,0.62249123,0.53102702,0.60245662
S1116,0.56288463,0.43300408,0.60509484
S1117,0.54463287,0.37378615,0.52913068
S1118,0.51596845,0.54384296,0.60903745
S1119,0.60383645,0.46947626,0.54080236
S1120,0.34651857,0.69949693,0.70426204
S1121,0.78872886,0.53820717,0.78012584
S1122,0.77149573,0.53073445,0.80923530
S1123,0.49933450,0.47712209,0.58081246
S1124,0.64728056,0.06785071,0.66800320
S1125,0.45312872,0.36486471,0.29473575
S1126,0.52489075,0.70141280,0.31561525
S1127,0.58157150,0.42167995,0.69397580
S1128,0.68650765,0.54534163,0.78910027
S1129,0.74471401,0.40162847,0.59283039
S1130,0.82995169,0.47948186,0.33703143
S1131,0.73137232,0.24765283,0.77435273
S1132,0.91574804,0.46500830,0.58085644
S1133,0.54852227,0.68562562,0.64154207
S1134,0.44475735,0.71643785,0.44899560
S1135,0.40101043,0.61848226,0.56922961
S1136,0.59349628,0.52675729,0.23958681
S1137,0.83723946,0.47077860,0.59450663
S1138,0.79504349,0.25860707,0.42676811
S1139,0.63613870,0.53207677,0.31848601
S1140,0.81842231,0.32495274,0.49445372
S1141,0.41911715,0.53150498,0.43224558
S1142,0.74695098,0.50323959,0.58359279
S1143,0.32675226,0.53434619,0.27522643
S1144,0.88282562,0.57505986,0.37040315
S1145,0.38302917,0.59863486,0.50617920
S1146,0.43923440,0.70535833,0.28154335
S1147,0.58461589,0.41556945,0.19726609
S1148,0.58254519,0.40620516,0.50718654
S1149,0.35681647,0.39726802,0.28770155
S1150,0.40587145,0.47406151,0.20494746
S1151,0.63096145,0.46763639,0.50502473
S1152,0.82043646,0.16461324,0.44333662
S1153,0.65884306,0.16565236,0.54143035
S1154,0.91807291,0.07084039,0.57535117
S1155,0.40308950,0.07557003,0.55048945
S1156,0.41418928,0.38755220,0.46286771
S1157,0.81162290,0.33534733,0.41843272
S1158,0.62800257,0.36334142,0.70465147
S1159,0.41656980,0.76726632,0.45154434
S1160,0.74291019,0.53698475,0.69351305
S1161,0.57953174,0.38552021,0.68839276
S1162,0.63554792,0.40521451,0.55064003
S1163,0.84482347,0.32756257,0.73874015
S1164,0.39507575,0.79360622,0.28577523
S1165,1.00000000,0.00663568,0.81833108
S1166,0.65520708,0.21835770,0.68985777
S1167,0.82431069,0.62412766,0.68439484
S1168,0.63301027,0.68180133,0.51200015
S1169,0.38059909,0.66338384,0.49484992
S1170,0.63716275,0.24285436,0.56028914
S1171,0.66309604,0.63850745,0.58891292
S1172,0.76482378,0.56149803,0.66054293
S1173,0.71742620,0.37598522,0.78834673
S1174,0.44035859,0.78791163,0.32693613
S1175,0.41884270,0.73897383,0.57418895
S1176,0.90167928,0.41567915,0.57788145
S1177,0.60813580,0.55704440,0.60050661
S1178,0.67674919,0.56726621,0.73344028
S1179,0.64222233,0.50025127,0.56098723
S1180,0.61751619,0.47640279,0.30600044
S1181,0.35243057,0.43541383,0.32808958
S1182,0.73312540,0.32485623,0.65176471
S1183,0.62477327,0.49201900,0.51833516
S1184,0.56837840,0.60110400,0.37563908
S1185,0.75173146,0.32145626,0.68660356
S1186,0.50243003,0.22943959,0.66090597
S1187,0.48851251,0.54111718,0.41836156
S1188,0.43261667,0.37137662,0.42374231
S1189,0.32106546,0.62651035,0.53940523
S1190,0.65943601,0.57134620,0.63203024
S1191,0.27089754,0.50150380,0.50924536
S1192,0.50935414,0.55359859,0.59989746
S1193,0.61518962,0.43506400,0.76860642
S1194,0.73398978,0.53828632,0.49818050
S1195,0.61684241,0.51838476,0.30815729
S1196,0.38566142,0.63536072,0.36488171
S1197,0.77958751,0.21802987,0.85740345
S1198,0.46682157,0.55398790,0.63069647
S1199,0.55196955,0.63784908,0.53297669
S1200,0.67484205,0.25269494,0.76935054
S1201,0.63021407,0.17166932,0.57441636
S1202,0.46162942,0.65349486,0.58143215
S1203,0.63955845,0.36151024,0.35609099
S1204,0.41972567,0.54937420,0.31562567
S1205,0.18070185,0.71562270,0.38885464
S1206,0.62321035,0.58481473,0.43138039
S1207,0.72733273,0.55009870,0.63889405
S1208,0.55088849,0.61509648,0.64247104
S1209,0.59835637,0.55575788,0.06006401
S1210,0.80309205,0.61608650,0.79768152
S1211,0.43582500,0.62601052,0.67892568
S1212,0.81176126,0.53772360,0.33682787
S1213,0.24896186,0.69875129,0.61806101
S1214,0.39352660,0.60038666,0.27961144
S1215,0.32066317,0.41239724,0.53504065
S1216,0.67146961,0.32931541,0.62015203
S1217,0.76642915,0.50238312,0.78463248
S1218,0.61749025,0.40558290,0.59308956
S1219,0.80912743,0.13996761,0.66844675
S1220,0.52998588,0.36233756,0.30776479
S1221,0.76348410,0.23978963,0.58133422
S1222,0.36605564,0.95692469,0.30530053
S1223,0.53679038,0.64646515,0.31696693
S1224,0.94162432,0.46728690,0.79782070
S1225,0.45515205,0.60087266,0.54005271
S1226,0.72921166,0.25554883,0.75084774
S1227,0.49198099,0.61198453,0.38482439
S1228,0.83256952,0.15338691,0.62630232
S1229,0.26716779,0.65554035,0.62468065
S1230,0.58109177,0.56836932,0.50421783
S1231,0.34182514,0.88657040,0.71324554
S1232,0.51288055,0.29929302,0.55184078
S1233,0.60072744,0.61505079,0.60882112
S1234,0.80545574,0.49511073,0.43913004
S1235,0.79910685,0.32841938,0.49684700
S1236,0.41002793,0.95909238,0.29473105
S1237,0.81219087,0.12159236,0.95012717
S1238,0.76038763,0.48774838,0.50764922
S1239,0.56745913,0.45638563,0.75588413
S1240,0.40280805,0.53074578,0.43042842
S1241,0.94828618,0.17368113,0.72741141
S1242,0.26269396,0.77878184,0.31651480
S1243,0.61078493,0.55126276,0.61422011
S1244,0.87713031,0.31723917,0.83483592
S1245,0.37682084,0.48198176,0.67730025
S1246,0.53807069,0.73059756,0.58263612
S1247,0.59169126,0.55403223,0.42039052
S1248,0.71290991,0.12595066,0.84387253
S1249,0.73685852,0.55621495,0.31686978
S1250,0.80428073,0.52194380,0.53518368
S1251,0.82465990,0.59654577,0.67734858
S1252,1.00000000,0.08033639,0.35963402
S1253,0.48010016,0.60118008,0.55478894
S1254,0.64605739,0.51683290,0.53446356
S1255,0.35968553,0.57664658,0.70854883
S1256,0.48499587,0.31152238,0.49715806
S1257,0.53856543,0.33373046,0.65671837
S1258,0.87838830,0.53577598,0.86430569
S1259,0.28432088,0.43337881,0.42327668
S1260,0.45812163,0.89813502,0.39634345
S1261,0.44137499,0.41376160,0.60149178
S1262,0.63491221,0.53690392,0.76052113
S1263,0.76609354,0.46218596,0.53754832
S1264,0.78125876,0.21397983,0.70052107
S1265,0.43445232,0.66462980,0.63767678
S1266,0.33754010,0.77279867,0.78441386
S1267,0.69269448,0.80341312,0.32341291
S1268,1.00000000,0.17464473,0.58629937
S1269,0.62314139,0.27551603,0.47691524
S1270,0.68568762,0.72989462,0.70323733
S1271,0.61802470,0.21505355,0.75812603
S1272,0.91291763,0.20487729,0.69727060
S1273,0.56589891,0.30595671,0.62949389
S1274,0.26365352,0.59641838,0.25669017
S1275,0.55882223,0.39544709,0.76045229
S1276,0.47211810,0.49958799,0.29190616
S1277,0.55774421,0.60554036,0.65073775
S1278,0.66394316,0.26583477,0.70268780
S1279,0.67271466,0.72307340,0.58742474
S1280,0.75113000,0.19442194,0.43278982
S1281,0.49654205,0.54628161,0.53899041
S1282,0.86413429,0.58354427,0.89471140
S1283,0.43107288,0.57494952,0.02779852
S1284,0.72747795,0.38317250,0.70031382
S1285,0.85158736,0.28987979,0.97713490
S1286,0.57852200,0.60216180,0.53916523
S1287,0.32712626,0.60302240,0.48442537
S1288,0.17096935,0.49261290,0.56603288
S1289,0.37456477,0.68613153,0.63144924
S1290,0.58549890,0.42680236,0.49818949
S1291,0.68429821,0.43277518,0.72922958
S1292,0.44224888,0.69399047,0.68159626
S1293,0.80204496,0.31971032,0.41833972
S1294,0.56060618,0.56986358,0.65152582
S1295,0.62852055,0.48924514,0.65294277
S1296,0.67408161,0.42036559,0.39179251
S1297,0.81564102,0.38116640,0.64556137
S1298,0.32852802,0.68193905,0.67604225
S1299,0.62630807,0.48783924,0.20916648
S1300,0.66551708,0.50020445,0.46034222
S1301,0.68774386,0.74582818,0.34403471
S1302,0.55589650,0.41551026,0.47948745
S1303,0.62519999,0.84405491,0.35401895
S1304,0.41917266,0.38475729,0.39512270
S1305,0.58995796,0.62141234,0.48012294
S1306,0.66519726,0.60706611,0.68635031
S1307,0.54929809,0.51155570,0.55892445
S1308,0.62442385,0.54357138,0.78550304
S1309,0.38771336,0.66814702,0.22838328
S1310,0.36125600,0.49906086,0.56823625
S1311,0.52157647,0.34672447,0.64894895
S1312,0.64700144,0.51056497,0.61166373
S1313,0.37867117,0.59507420,0.34795081
S1314,0.75721124,0.36935579,0.70951043
S1315,0.86969786,0.38476228,0.53326492
S1316,0.56737093,0.53882935,0.62724735
S1317,0.51299943,0.24668843,0.63444986
S1318,0.64388019,0.65563687,0.49639594
S1319,0.60294430,0.56759093,0.41746877
S1320,0.76453221,0.33260603,0.48802114
S1321,0.46272938,0.56229011,0.49156766
S1322,0.37712891,0.46228845,0.69703195
S1323,0.38126988,0.75979744,0.51158320
S1324,0.56693805,0.53907184,0.50616617
S1325,0.99028565,0.37789668,0.79182021
S1326,0.51127262,0.72417609,0.48770287
S1327,0.32893812,0.72107526,0.59506680
S1328,0.71117989,0.40320167,0.63414912
S1329,0.65257757,0.57347450,0.54740411
S1330,0.74953212,0.29677768,0.71896414
S1331,0.67055242,0.56014246,0.74955036
S1332,0.57600090,0.54548406,0.67238097
S1333,0.52673884,0.39982078,0.90312140
S1334,0.31732432,0.56127484,0.63464995
S1335,0.48793677,0.61874813,0.70728442
S1336,0.34397612,0.83756763,0.40198955
S1337,0.37188661,0.58152253,0.36169599
S1338,0.36941734,0.23583809,0.48199336
S1339,0.56819667,0.58923036,0.63371243
S1340,0.82022980,0.28832610,0.68907446
S1341,0.08404958,0.89222395,0.26886154
S1342,0.62641499,0.09158431,0.63092253
S1343,0.38380671,0.52235639,0.44979748
S1344,0.65596349,0.49405061,0.66287459
S1345,0.60251263,0.82733042,0.58526294
S1346,0.65313323,0.46033853,0.36877860
S1347,0.69446511,0.39814097,0.59348545
S1348,0.75989428,0.30482072,0.72896617
S1349,0.65487835,0.63706990,0.76597447
S1350,0.37946291,0.94724558,0.51724580
S1351,0.47265766,0.39873030,0.53139596
S1352,0.48440362,0.27575176,0.50601986
S1353,0.34191095,0.59317145,0.43848618
S1354,0.59298783,0.48659947,0.61177810
S1355,0.46898502,0.65529953,0.59041716
S1356,0.67216576,0.74519167,0.66449746
S1357,0.60889628,0.74490337,0.62002139
S1358,0.81297959,0.18527637,0.44049011
S1359,0.83841689,0.56263600,0.73995837
S1360,0.45748289,0.77207640,0.66522360
S1361,0.63089349,0.14341088,0.67972406
S1362,0.49227865,0.51045497,0.72003416
S1363,0.59951009,0.69438400,0.49882534
S1364,0.67468318,0.70273477,0.66341698
S1365,0.74114911,0.63388724,0.56991692
S1366,0.52173602,0.64688425,0.65863470
S1367,0.82998474,0.36183809,0.65402405
S1368,0.40875875,0.52089918,0.54442767
S1369,0.92442905,0.48075090,0.77996282
S1370,0.87091474,0.48786199,0.58155075
S1371,0.86412807,0.28326008,0.48781195
S1372,0.76838482,0.41323990,0.49455459
S1373,0.28760007,0.35864002,0.43377704
S1374,0.49116322,0.76037745,0.41179201
S1375,0.46315244,0.45549427,0.71212668
S1376,0.61009794,0.23915895,0.41221339
S1377,0.51629901,0.27882991,0.65633431
S1378,0.54194093,0.41949702,0.46905081
S1379,0.30145820,0.92096689,0.43092622
S1380,0.64816221,0.75089774,0.83396607
S1381,0.64332106,0.54448497,0.71807020
S1382,0.67392689,0.46525296,0.72256471
S1383,0.48705006,0.44447979,0.61333780
S1384,0.48453171,0.31041026,0.52143041
S1385,0.50277233,0.27524828,0.61666956
S1386,0.54990815,0.48703026,0.36742662
S1387,0.78722409,0.26662972,0.52482738
S1388,0.90483840,0.34110625,0.25596310
S1389,0.56165438,0.79802635,0.50689372
S1390,0.68494213,0.17058343,0.71290693
S1391,0.57806448,0.53925036,0.50350922
S1392,0.71155917,0.28231916,0.68106067
S1393,0.29627573,0.73104277,0.34611045
S1394,0.73323793,0.57648419,0.45413762
S1395,0.50361095,0.46046330,0.49999833
S1396,0.66931828,0.47722737,0.43291379
S1397,0.30604149,0.50767964,0.40283768
S1398,0.81383130,0.40706426,0.68017777
S1399,0.77900895,0.64782365,0.45278777
S1400,0.30449816,0.16853347,0.83539572
S1401,0.63713356,0.38147940,0.43829091
S1402,0.63315529,0.23778588,0.71350797
S1403,0.72371685,0.24231639,0.85451870
S1404,0.55753440,0.55008712,0.60144595
S1405,0.52950376,0.35801595,0.36276940
S1406,0.43663071,0.74024539,0.42862994
S1407,0.45568673,0.66878611,0.84442292
S1408,0.57276246,0.70507318,0.37236069
S1409,0.51761843,0.37826907,0.52031433
S1410,0.67342541,0.51259821,0.22786687
S1411,0.65726827,0.67052273,0.41874408
S1412,0.58116937,0.34679199,0.55370709
S1413,0.68643812,0.45410527,0.43431007
S1414,0.64536706,0.71076783,0.22560735
S1415,0.63893743,0.50885857,0.49273651
S1416,0.56480780,0.78624600,0.62433515
S1417,0.73255248,0.23209325,0.70886504
S1418,0.64440541,0.29862618,0.70950566
S1419,0.85570437,0.18680487,0.42876613
S1420,0.50272508,0.62352711,0.23600165
S1421,0.75551398,0.00932912,0.80634229
S1422,0.63904222,0.31115434,0.54773525
S1423,0.52289658,0.51991154,0.74177761
S1424,0.12488913,0.65708508,0.56719535
S1425,0.45969572,0.64078177,0.47954873
S1426,0.59777081,0.57962509,0.46275823
S1427,0.67163035,0.54658604,0.80596026
S1428,0.79311994,0.55425644,0.52284806
S1429,0.57048786,0.52093801,0.61969792
S1430,0.22292521,0.40294640,0.38284459
S1431,0.87105230,0.42164138,0.49589752
S1432,0.61297103,0.57986889,0.41497479
S1433,0.76909485,0.55829384,0.52714297
S1434,0.37636067,0.78749843,0.41274964
S1435,0.61751294,0.51283572,0.44973870
S1436,0.51480982,0.43267768,0.31290938
S1437,0.66483311,0.44088845,0.53031677
S1438,0.54592661,0.68352303,0.36524864
S1439,0.65685709,0.27889043,0.49739772
S1440,0.74000958,0.34845029,0.71297514
S1441,0.64587122,0.48435142,0.51968880
S1442,0.97696584,0.48523847,0.62688927
S1443,0.62064278,0.52149510,0.65277409
S1444,0.27127308,0.42632180,0.12625604
S1445,0.75349840,0.41255342,0.51161401
S1446,0.47155990,0.85882285,0.33161487
S1447,0.68911530,0.29495127,0.45451773
S1448,0.76166405,0.46648341,0.72162089
S1449,0.61471143,0.35610717,0.45738427
S1450,1.00000000,0.31613062,0.60856684
S1451,0.46412213,0.59067912,0.53890127
S1452,0.44318858,0.70354751,0.44291366
S1453,0.51444919,0.41763236,0.52341388
S1454,0.56091822,0.63686429,0.72885603
S1455,0.54696578,0.57793256,0.34286231
S1456,0.55555843,0.52436040,0.64883937
S1457,0.69953658,0.44108119,0.41353602
S1458,0.52323315,0.70404535,0.32192684
S1459,0.70727191,0.30463230,0.42339388
S1460,0.85345222,0.50075999,0.42569554
S1461,0.48974531,0.34935069,0.50055717
S1462,0.34356329,0.60335547,0.62847764
S1463,0.43392992,0.41426649,0.37932180
S1464,0.37916771,0.45010857,0.45234519
S1465,0.82869617,0.60596620,0.31142929
S1466,0.65598836,0.44518380,0.54794147
S1467,0.32697599,0.48810915,0.61654773
S1468,0.59144659,0.40552454,0.53298253
S1469,0.55856523,0.73930531,0.51385231
S1470,0.57996788,0.53182519,0.42993120
S1471,0.60644188,0.43559923,0.71583495
S1472,0.35321766,0.72935545,0.41003640
S1473,0.69747324,0.40029466,0.51656372
S1474,0.60155427,0.58277013,0.61919320
S1475,0.59846872,0.49494753,0.63958556
S1476,0.75944946,0.41750124,0.63614169
S1477,0.34969273,0.53457528,0.39073621
S1478,0.49353981,0.64754256,0.53518478
S1479,0.53363815,0.72683574,0.46454588
S1480,0.49961469,0.71147941,0.43125504
S1481,0.34377458,0.82198105,0.57331811
S1482,1.00000000,0.46457210,0.72557568
S1483,0.89807735,0.12302620,0.55245133
S1484,0.55690198,0.34731116,0.62799243
S1485,0.54711667,0.62747056,0.51658184
S1486,0.50171919,0.49840081,0.72145586
S1487,0.70826850,0.44071789,0.49183967
S1488,0.38797262,0.53655117,0.49291180
S1489,0.60073815,0.36399834,0.55370230
S1490,0.27439738,0.70826452,0.43833071
S1491,0.39454247,0.80627692,0.79219747
S1492,0.72303139,0.35377800,0.57445167
S1493,0.49381161,0.61828936,0.49291095
S1494,0.49554625,0.41777629,0.35962272
S1495,0.30908623,0.97183243,0.73672427
S1496,0.42806609,0.27309799,0.58784838
S1497,1.00000000,0.47545630,0.46334840
S1498,0.82125069,0.44054625,0.62194663
S1499,0.24565873,0.25932166,0.58096684
S1500,0.55760905,0.62545163,0.52786063
S1501,0.23376719,0.87169912,0.50276034
S1502,0.37808189,0.67124525,0.67140120
S1503,0.47492874,0.12082707,0.68964526
S1504,0.54644406,0.78122798,0.53518552
S1505,0.55321736,0.36994691,0.58732860
S1506,0.78990477,0.39608610,0.76118679
S1507,0.52230912,0.20278698,0.51246107
S1508,0.92351614,0.51328564,0.54461187
S1509,0.44718867,0.45062689,0.55084305
S1510,0.50625984,0.53491470,0.70432201
S1511,0.74576357,0.54796239,0.68911920
S1512,0.83104428,0.39006259,0.62330040
S1513,0.62585630,0.74844574,0.53152618
S1514,1.00000000,0.56974822,0.65739356
S1515,0.51323735,0.63134115,0.43804772
S1516,0.70151006,0.39165730,0.70903676
S1517,0.58829403,0.51514313,0.55864593
S1518,0.48588454,0.50453326,0.48135746
S1519,0.91553363,0.01217654,1.00000000
S1520,0.78553120,0.26308584,0.83792500
S1521,0.74907508,0.35572594,0.61125508
S1522,0.58697723,0.75455728,0.73084367
S1523,0.38666304,0.62481522,0.55580889
S1524,0.73672167,0.54830210,0.54877951
S1525,0.69059274,0.29162843,0.80939345
S1526,0.69577832,0.50164155,0.40948885
S1527,0.66875223,0.39915091,0.48902202
S1528,0.67084841,0.48762478,0.64459683
S1529,0.62150126,0.57046022,0.55072507
S1530,0.88284383,0.46726699,0.63011558
S1531,0.80494237,0.41879644,0.60487398
S1532,0.56330506,0.65839084,0.50129065
S1533,0.66136300,0.53807454,0.77201962
S1534,0.55422773,0.28707253,0.63155126
S1535,0.57049103,0.60252552,0.38007091
S1536,0.36908708,0.53854069,0.53752521
S1537,0.84005706,0.24472491,0.58890101
S1538,0.68899954,0.15523882,0.63983968
S1539,0.64985993,0.53692724,0.40772022
S1540,0.68547223,0.41196236,0.53415492
S1541,0.18096207,0.64755146,0.33358734
S1542,0.55370356,0.50079179,0.52346118
S1543,0.55764276,0.50729893,0.60269271
S1544,0.61237330,0.46570121,0.48191306
S1545,1.00000000,0.28980190,0.73817614
S1546,0.88221209,0.37081543,0.65840986
S1547,0.56802059,0.45143324,0.31526724
S1548,0.51489800,0.61327862,0.39932788
S1549,0.52498020,0.81482201,0.56432443
S1550,0.51196172,0.53796452,0.84182433
S1551,0.81835341,0.57351312,0.43759689
S1552,0.64587204,0.61257539,0.41411338
S1553,0.47745170,0.73326555,0.51977546
S1554,0.64120078,0.36693174,0.47640372
S1555,0.79291198,0.46891582,0.68860252
S1556,0.84814100,0.37885980,0.85203084
S1557,0.49394051,0.49284800,0.77513954
S1558,0.55836018,0.39420115,0.75443077
S1559,0.53135958,0.74853080,0.61369290
S1560,0.58049207,0.54653010,0.51666004
S1561,0.66330379,0.65375775,0.66993946
S1562,0.35380937,0.55979312,0.46820283
S1563,0.64867559,0.51842459,0.51189464
S1564,0.85272731,0.40105653,0.79641202
S1565,0.47145804,0.41202695,0.48499197
S1566,0.51360644,0.68853123,0.52527187
S1567,0.87525211,0.22558492,0.88067812
S1568,0.45358482,0.71163705,0.56101362
S1569,0.86034048,0.37956692,0.65178899
S1570,0.44502831,0.45220984,0.45500699
S1571,0.53638300,0.49436799,0.48876658
S1572,0.48346426,0.59801851,0.43644364
S1573,0.80429254,0.40066286,0.63066385
S1574,0.82649038,0.34068657,0.85614089
S1575,0.49052506,0.59936602,0.40870969
S1576,0.70023768,0.74347269,0.53430629
S1577,0.52130043,0.71846480,0.43401858
S1578,0.57492134,0.43234610,0.64813055
S1579,0.49254903,0.47924080,0.63103651
S1580,0.47920698,0.69066449,0.64383330
S1581,0.37886674,0.62917309,0.45064894
S1582,0.64174940,0.22060252,0.41421730
S1583,0.89506355,0.56507535,0.34772434
S1584,0.47484181,0.64609441,0.42604215
S1585,0.52328761,0.59335599,0.70123216
S1586,0.65019883,0.63566390,0.37872072
S1587,0.53899131,0.38727898,0.65204641
S1588,0.71144341,0.57765633,0.63102889
S1589,0.61851366,0.67477491,0.41395873
S1590,0.54588557,0.42085472,0.62280717
S1591,0.59297999,0.87682173,0.68597610
S1592,0.64259758,0.54983406,0.49829136
S1593,0.94450025,0.37172489,0.93222931
S1594,0.49528997,0.71040901,0.65546148
S1595,0.66609253,0.33572039,0.32021250
S1596,0.57093381,0.55960041,0.54741937
S1597,0.92956771,0.40585217,0.71663911
S1598,0.49684769,0.34516803,0.62565866
S1599,0.75375479,0.59240467,0.74698980
S1600,0.76012574,0.51169615,0.77138852
S1601,0.59322168,0.61595060,0.52583737
S1602,0.86364457,0.57577166,0.43299707
S1603,0.98963284,0.25777745,0.71794344
S1604,0.70150491,0.83370114,0.65638343
S1605,0.65015824,0.61183792,0.46870016
S1606,0.68429907,0.58294066,0.65789351
S1607,0.63067473,0.37982703,0.56464593
S1608,0.53532279,0.52311991,0.24381517
S1609,0.65463215,0.47660893,0.57907769
S1610,0.54761219,0.63189316,0.41191336
S1611,0.48325280,0.34482777,0.32097315
S1612,0.91226523,0.55257171,0.78465680
S1613,1.00000000,0.16890504,0.85020178
S1614,0.34215203,0.47154127,0.53815277
S1615,0.67054999,0.64468373,0.30452399
S1616,0.34121939,0.49096946,0.33515999
S1617,0.43352935,0.68492779,0.45948259
S1618,0.72790053,0.56418104,0.45377769
S1619,0.42534088,0.48995182,0.68915480
S1620,0.61589563,0.51213408,0.32935909
S1621,0.29039357,0.40948880,0.41161958
S1622,0.57865540,0.38077456,0.41138911
S1623,0.43565406,0.69536842,0.64020313
S1624,0.50479731,0.60502692,0.48888575
S1625,0.61823462,0.49042253,0.45798975
S1626,0.42157681,0.52411553,0.41082851
S1627,0.49925430,0.48757082,0.65434327
S1628,0.39003347,0.79609042,0.74496647
S1629,0.67066330,0.46387362,0.48695813
S1630,0.59215823,0.68139151,0.50435954
S1631,0.72311083,0.21167050,0.69346113
S1632,0.61783224,0.37523159,0.63759210
S1633,0.61306075,0.36344088,0.55660216
S1634,0.54828807,0.54738771,0.49979217
S1635,0.57648793,0.84098706,0.36896581
S1636,0.86847139,0.33880871,0.70596167
S1637,0.57384864,0.07740732,0.41708901
S1638,0.53576423,0.82522884,0.16862283
S1639,0.78630599,0.29820581,0.51699818
S1640,0.41324498,0.28498426,0.42846443
S1641,0.54794079,0.33914512,0.64053330
S1642,0.56093000,0.39344980,0.64492531
S1643,0.50589733,0.58968197,0.68059524
S1644,0.88006202,0.26717836,0.74893151
S1645,0.38934908,0.53957453,0.44162770
S1646,0.71703078,0.20309623,0.82355857
S1647,0.48995551,0.52481893,0.64165279
S1648,0.37626708,0.37666197,0.56526963
S1649,0.27040327,0.64730507,0.42967867
S1650,0.53196933,0.48899043,0.53619185
S1651,0.60096042,0.24673951,0.35997227
S1652,0.69576003,0.48202540,0.50697136
S1653,0.75483496,0.37573001,0.68622165
S1654,0.76530244,0.21729305,0.80329924
S1655,0.47463579,0.46798380,0.41868086
S1656,0.92739651,0.38218288,0.78236983
S1657,0.85679459,0.55142208,0.65181864
S1658,0.83061577,0.46971366,0.44827882
S1659,0.90460311,0.25400846,0.48185470
S1660,0.38548355,0.35455027,0.19466056
S1661,0.67917766,0.54936289,0.45216054
S1662,0.82936068,0.38713232,0.73455709
S1663,0.51013965,0.47549189,0.36816590
S1664,0.48526468,0.42571856,0.28892864
S1665,0.67880791,0.29841242,0.75592289
S1666,0.51064406,0.45254853,0.55300644
S1667,0.68884715,0.38001849,0.53281727
S1668,0.73704054,0.33255569,0.56272634
S1669,0.56127230,0.22460903,0.71150665
S1670,0.53600892,0.52982830,0.48325348
S1671,0.52336924,0.27930875,0.74357147
S1672,0.96570347,0.44970651,0.79037128
S1673,0.59154727,0.36891243,0.25955237
S1674,0.53347404,0.64188282,0.60312371
S1675,0.80187234,0.55214835,0.46346157
S1676,0.51944027,0.61090223,0.50232149
S1677,0.47079944,0.91324173,0.36873845
S1678,0.96046753,0.41293207,0.74421265
S1679,0.46825453,0.43430484,0.42147459
S1680,0.47179152,0.45548469,0.32284251
S1681,0.46598208,0.35795282,0.66140652
S1682,0.65779270,0.46692752,0.47230712
S1683,0.66520845,0.48176378,0.69463066
S1684,0.78883534,0.40248577,0.47924329
S1685,0.48390135,0.92988003,0.46021680
S1686,0.53934176,0.43062576,0.47660498
S1687,0.49595006,0.39998807,0.54873372
S1688,0.46916290,0.40129530,0.54434996
S1689,0.50786141,0.58599992,0.34700077
S1690,0.54688062,0.42965817,0.55616956
S1691,0.70217258,0.28594247,0.64042510
S1692,0.88302366,0.14294492,0.73783445
S1693,0.47077568,0.62652689,0.57751138
S1694,0.73549610,0.69348170,0.58415841
S1695,0.49665381,0.49841942,0.63309051
S1696,0.67284147,0.34019368,0.74535145
S1697,0.89170466,0.10541042,0.43429356
S1698,0.60443693,0.64917715,0.45649831
S1699,0.42898996,0.54551722,0.71966410
S1700,0.76968387,0.20158094,0.43688650
S1701,0.52119088,0.36558501,0.56887733
S1702,0.57582135,0.59959647,0.53358031
S1703,0.67057380,0.61216713,0.54999860
S1704,0.71721425,0.25541523,0.71695029
S1705,0.64469114,0.28676825,0.48105874
S1706,0.60975528,0.44387339,0.56463110
S1707,0.78716152,0.41540049,0.70850938
S1708,0.26142788,0.21649627,0.42811533
S1709,0.59128257,0.39542082,0.46995164
S1710,0.67531243,0.53868847,0.56455957
S1711,0.84474897,0.34241972,0.74322464
S1712,0.56578834,0.36502633,0.64212937
S1713,0.62158863,0.36262258,0.83966613
S1714,0.51222878,0.78559617,0.40968788
S1715,0.52230914,0.45783809,0.43904710
S1716,0.70079009,0.35344711,0.68355375
S1717,0.58505418,0.55619070,0.50550787
S1718,0.62843334,0.51577095,0.47288247
S1719,0.35716660,0.57808057,0.52000318
S1720,0.37386766,0.66759516,0.44760612
S1721,0.85400301,0.17469712,0.69036446
S1722,0.67258805,0.36110892,0.73092423
S1723,0.86663533,0.46109679,0.73742204
S1724,0.51163528,0.56043682,0.78217835
S1725,0.53151010,0.31327056,0.53424009
S1726,0.50274908,0.59516692,0.93820934
S1727,0.56887737,0.30498220,0.71028060
S1728,0.89957000,0.33341969,0.66110143
S1729,0.77136376,0.50238460,0.59967911
S1730,0.88174889,0.05515288,0.64259679
S1731,0.63582150,0.83974218,0.44145382
S1732,0.59214822,0.63213433,0.69212097
S1733,0.60804927,0.60882626,0.57443015
S1734,0.39672841,0.76157935,0.29260352
S1735,0.76733021,0.25006366,0.71858077
S1736,0.67265614,0.75623256,0.47032900
S1737,0.44980182,0.57598409,0.32194625
S1738,0.58570656,0.46575133,0.23574918
S1739,0.81096711,0.37254317,0.81155970
S1740,0.46229058,0.61781318,0.61494515
S1741,0.91747005,0.32249360,0.63523690
S1742,0.59298797,0.60410966,0.98022124
S1743,0.64559924,0.67266483,0.51844395
S1744,0.84002369,0.29548882,0.85216966
S1745,0.56255279,0.50812799,0.41403764
S1746,0.35560172,0.47901138,0.56830501
S1747,0.58143491,0.42443769,0.59174254
S1748,0.92158161,0.42525672,0.51063087
S1749,0.42211537,0.46049837,0.68980482
S1750,0.82031946,0.27124053,0.60860994
S1751,0.74484782,0.54285974,0.58794848
S1752,0.51242672,0.58405483,0.49330504
S1753,0.49773037,0.40486819,0.78334817
S1754,0.53330395,0.48107668,0.34475564
S1755,0.88795109,0.31941431,0.35365422
S1756,0.37222927,0.47816319,0.61947920
S1757,0.66260277,0.53692772,0.53649988
S1758,0.50205521,0.43523794,0.57559233
S1759,0.65563932,0.55769722,0.52458495
S1760,0.30645857,0.74142141,0.47407180
S1761,0.29898749,0.66005425,0.49455740
S1762,0.77149179,0.52564998,0.45967746
S1763,0.62815824,0.58339896,0.52082660
S1764,0.59015178,0.62609651,0.74383001
S1765,0.59180655,0.38370156,0.57629590
S1766,0.38458360,0.79041601,0.50041982
S1767,0.65650671,0.49023555,0.50665557
S1768,0.55813585,0.75832091,0.29252564
S1769,0.47428757,0.51813005,0.79279050
S1770,0.52437479,0.36549590,0.19972264
S1771,0.49759410,0.82298838,0.52534491
S1772,0.50841937,0.64380067,0.65079486
S1773,0.64830769,0.29991234,0.59964826
S1774,0.48709896,0.55102432,0.52808967
S1775,0.54816520,0.38256961,0.87858116
S1776,0.42221599,0.75771853,0.47543635
S1777,0.69545588,0.32622825,0.57394465
S1778,0.60432613,0.37042669,0.77271771
S1779,1.00000000,0.51993040,0.63822370
S1780,0.85946367,0.53699607,0.61205681
S1781,0.51761114,0.69713721,0.52022834
S1782,0.51422726,0.36624294,0.64024687
S1783,0.92865014,0.41886315,0.36694841
S1784,0.76519771,0.38596147,0.72563852
S1785,0.13731536,0.87420582,0.31216914
S1786,0.82851553,0.11551140,0.68026968
S1787,0.45241082,0.46779531,0.66735551
S1788,0.51141144,0.37454641,0.68260004
S1789,0.55347502,0.59035860,0.57056401
S1790,0.44440142,0.46411494,0.58473015
S1791,0.75579764,0.50095462,0.37836155
S1792,0.46542706,0.63611786,0.30001610
S1793,0.66271453,0.44394514,0.69082501
S1794,0.64502144,0.24141726,0.49236866
S1795,0.88881745,0.58274931,0.68921825
S1796,0.56923180,0.71058221,0.50482949
S1797,0.39272939,0.66459173,0.66834187
S1798,0.95337735,0.59522380,0.57722326
S1799,0.18051542,0.61118256,0.38167630
S1800,0.67652396,0.61716592,0.58579124
S1801,0.56051747,0.56579060,0.26815450
S1802,0.34613575,0.77222183,0.34535002
S1803,0.39285108,0.49551417,0.44288063
S1804,0.55111185,0.25374604,0.66171602
S1805,0.73686923,0.42186576,0.58104273
S1806,0.37967956,0.42737552,0.45622475
S1807,0.86427327,0.23786583,0.70831362
S1808,0.38829128,0.48943082,0.28895801
S1809,0.74881012,0.45215256,0.75950570
S1810,0.44701098,0.37004873,0.58864393
S1811,0.63290899,0.50766603,0.51453057
S1812,0.74474480,0.17382149,0.65041855
S1813,0.55746627,0.55451354,0.54411687
S1814,0.19525243,0.70084610,0.40407188
S1815,0.91943809,0.41427015,0.45223856
S1816,0.79651485,0.40192123,0.48450251
S1817,0.79568853,0.42646218,0.42112466
S1818,0.66910067,0.39677024,0.51143507
S1819,0.38026575,0.73517388,0.62937753
S1820,0.69245337,0.29407846,0.80826415
S1821,0.65241694,0.43582395,0.56377556
S1822,0.49865707,0.62809188,0.43202132
S1823,0.40026524,0.68198510,0.51522296
S1824,0.31656168,0.53271749,0.59769491
S1825,0.38162598,0.53211332,0.57142058
S1826,0.44048363,0.44933237,0.61895981
S1827,0.86129432,0.26561517,0.66757617
S1828,0.49358730,0.45276354,0.77597612
S1829,0.47400558,0.74776847,0.32110731
S1830,0.47942441,0.48693848,0.52754614
S1831,0.45626803,0.90106301,0.46715278
S1832,0.43050392,0.51999344,0.36304181
S1833,0.35442642,0.54721383,0.38417819
S1834,0.57749249,0.27110445,0.56355482
S1835,0.82295379,0.00000000,0.88995988
S1836,0.60105131,0.61633783,0.49486823
S1837,0.86873785,0.15462199,0.90746695
S1838,0.60386706,0.42255606,0.65930565
S1839,0.44128025,0.49246858,0.51890786
S1840,0.42928795,0.73770034,0.45697266
S1841,0.55250144,0.36124818,0.49806367
S1842,0.59129659,0.49985474,0.42412402
S1843,0.36694130,0.54856543,0.56081771
S1844,0.72844142,0.48303805,0.59128576
S1845,0.72395989,0.36878368,0.75042038
S1846,0.44382322,0.48864357,0.49927244
S1847,0.53963105,0.44135025,0.57866282
S1848,0.57939666,0.42275026,0.59424956
S1849,0.30694376,0.76806888,0.63273593
S1850,0.63465815,0.48018724,0.36273858
S1851,0.59993450,0.14363070,0.68895724
S1852,0.90079108,0.37597416,0.62598060
S1853,0.82006545,0.52094527,0.64972308
S1854,0.42951732,0.65111875,0.33646049
S1855,0.52160680,0.60223139,0.55736864
S1856,0.50804624,0.41436304,0.32775570
S1857,0.68811810,0.27573804,0.74604162
S1858,0.67392048,0.27522529,0.49980905
S1859,0.80436379,0.55107654,0.53231169
S1860,0.62431690,0.49295419,0.46078658
S1861,0.81344114,0.27945431,0.70855512
S1862,0.74120231,0.46457573,0.52788658
S1863,0.66655522,0.76908671,0.26241411
S1864,0.63682974,0.30727261,0.55352370
S1865,0.52606050,0.38329250,0.65159013
S1866,0.57387913,0.68206165,0.53684511
S1867,0.71695951,0.56804729,0.54684369
S1868,0.38146143,0.58739372,0.42751495
S1869,0.71590696,0.48397980,0.78697617
S1870,0.52467745,0.37651244,0.41327699
S1871,0.64546585,0.66869344,0.50915123
S1872,0.63344852,0.49989545,0.25558728
S1873,0.45180556,0.76234370,0.37835285
S1874,0.38335873,0.58543598,0.39164795
S1875,0.60432852,0.70684605,0.35561995
S1876,0.67206959,0.29968773,0.54013092
S1877,0.63169829,0.41221568,0.68074239
S1878,0.62418194,0.69242360,0.56159909
S1879,0.54841503,0.59117724,0.74896537
S1880,0.61550348,0.51289838,0.57459875
S1881,0.44344523,0.39598853,0.79456597
S1882,0.36097800,0.27494060,0.36907418
S1883,0.88425243,0.24672170,0.32789535
S1884,0.34405205,0.46963335,0.47336772
S1885,0.51331194,0.30198772,0.64087326
S1886,0.33642378,0.70209980,0.22285879
S1887,0.76435938,0.40693171,0.57081076
S1888,0.29328654,0.58066717,0.58339871
S1889,0.60879167,0.76694798,0.66758769
S1890,0.61160228,0.47340136,0.39664571
S1891,0.82755796,0.52811058,0.62550437
S1892,0.59117607,0.27556276,0.53615577
S1893,0.72906925,0.49459669,0.54101436
S1894,0.71642764,0.68969163,0.63067728
S1895,0.79069830,0.65289632,0.45177456
S1896,0.47745601,0.56461959,0.49635052
S1897,0.87035922,0.34810102,0.71626103
S1898,0.85089290,0.78125323,0.62806987
S1899,0.73240158,0.48293544,0.29484612
S1900,0.62424525,0.32589519,0.68907797
S1901,0.73592229,0.56965927,0.53551156
S1902,0.69758227,0.33327639,0.58076912
S1903,0.77810970,0.34142851,0.81774404
S1904,0.35877265,0.46766530,0.54344854
S1905,0.58207107,0.74999226,0.57493580
S1906,0.74412594,0.17385091,0.43684810
S1907,0.82824428,0.55416442,0.32912728
S1908,0.67370871,0.01291978,0.72849657
S1909,0.92294622,0.68906432,0.61419112
S1910,0.88467630,0.09899793,1.00000000
S1911,0.57888795,0.36292985,0.44726108
S1912,0.54018483,0.63195137,0.52941900
S1913,0.50564669,0.51163592,0.44284953
S1914,0.34263204,0.83768471,0.33883491
S1915,0.59242349,0.43271689,0.48880618
S1916,0.55182350,0.55252349,0.33914742
S1917,0.55349675,0.59447929,0.67369058
S1918,0.68428557,0.67221425,0.77867562
S1919,0.47281541,0.68708472,0.77364601
S1920,0.74785173,0.42612231,0.32755993
S1921,0.58624598,0.38697059,0.50357524
S1922,0.42884258,0.50903297,0.55124116
S1923,0.74847448,0.32837743,0.99397439
S1924,0.69402317,0.38289548,0.55411221
S1925,0.24899123,0.46222422,0.65870874
S1926,0.79094542,0.42650921,0.64159003
S1927,0.81909771,0.34213376,0.38235289
S1928,0.61303246,0.33590458,0.66977417
S1929,0.71071330,0.50445946,0.74891935
S1930,0.67825750,0.36224152,0.69420761
S1931,0.38170575,0.34837642,0.35243705
S1932,0.73928489,0.25232936,0.27927554
S1933,0.76082334,0.04216419,0.59848736
S1934,0.86602831,0.48401350,0.72406302
S1935,0.67156930,0.59851705,0.46337879
S1936,0.86909985,0.39283555,0.70289894
S1937,0.63021621,0.22833632,0.58720134
S1938,0.74328591,0.57933410,0.34989694
S1939,0.42744735,0.54402942,0.17309923
S1940,0.43210000,0.51262068,0.44352184
S1941,0.48303899,0.29332144,0.88207155
S1942,0.54489477,0.57915340,0.15370634
S1943,0.95190556,0.32693705,0.55978085
S1944,0.78316134,0.30736883,0.61956978
S1945,0.30369558,0.56321038,0.29215882
S1946,0.63053137,0.27845798,0.74124719
S1947,0.66942648,0.32798000,0.81222741
S1948,0.41456813,0.63365408,0.61907837
S1949,0.47382895,0.83326327,0.46552341
S1950,0.65346023,0.46447274,0.80645332
S1951,0.76847012,0.36152496,0.80614515
S1952,0.74041220,0.51679789,0.56701214
S1953,0.33384834,0.73216287,0.36211105
S1954,0.94294994,0.00000000,0.65602593
S1955,0.33190608,0.36402308,0.41542566
S1956,0.49626901,0.58139438,0.60501726
S1957,0.88233612,0.46155693,0.51446840
S1958,0.68517256,0.61124428,0.69694157
S1959,0.36186855,0.49924808,0.63217774
S1960,0.81356063,0.50214454,0.66373766
S1961,0.60173372,0.51937842,0.35411426
S1962,0.72388454,0.37504158,0.80156033
S1963,0.63514303,0.50353550,0.62607419
S1964,0.59615416,0.92462034,0.41860272
S1965,0.50312870,0.43107158,0.41723770
S1966,0.87111961,0.59628554,0.55437829
S1967,0.88283402,0.23113620,0.72751813
S1968,0.31054807,0.71281665,0.24614404
S1969,0.62688968,0.74115053,0.45550685
S1970,0.79836013,0.25564103,0.75152338
S1971,0.59880388,0.85650188,0.52946733
S1972,0.57036872,0.45372421,0.34429734
S1973,0.66235508,0.49335181,0.61598254
S1974,0.68380310,0.50333011,0.70806032
S1975,1.00000000,0.29643737,0.67121796
S1976,0.55348961,0.53287613,0.72125984
S1977,0.58562364,0.72681181,0.54332643
S1978,0.55607711,0.34461886,0.29491803
S1979,0.78704255,0.36829502,0.55977365
S1980,0.37675250,0.64420779,0.33048009
S1981,0.60278313,0.39745775,0.59880058
S1982,0.42329632,0.81685926,0.46124789
S1983,0.39745373,0.65325256,0.52580657
S1984,0.43739984,0.55384620,0.38397139
S1985,0.58142134,0.61661993,0.39357601
S1986,0.47946574,0.72254502,0.39120130
S1987,0.43916063,0.61164039,0.62643047
S1988,0.56705680,0.52340250,0.23757134
S1989,0.80534430,0.51859854,0.64648636
S1990,0.26361516,0.59421095,0.34679443
S1991,0.81862774,0.31112747,0.60382556
S1992,0.79002061,0.45163500,0.63685719
S1993,0.66770201,0.39108468,0.30674833
S1994,0.60161847,0.65354684,0.41322269
S1995,0.74147748,0.55593539,0.62230884
S1996,0.71643164,0.39622048,0.38395387
S1997,0.58692761,0.62706109,0.76256004
S1998,0.55747565,0.28536220,0.42699062
S1999,0.82953381,0.55882586,0.57635674
S2000,0.76774590,0.27607975,0.84469085
S2001,0.69117868,0.32485529,0.73673419
S2002,0.32459401,0.45398837,0.70870665
S2003,0.69623988,0.20162132,0.83454483
S2004,0.39674320,0.45196653,0.64232584
S2005,0.87800308,0.13552147,0.79489750
S2006,0.90544090,0.66955902,0.54765644
S2007,0.73101775,0.47030716,0.54461485
S2008,0.40341606,0.59007841,0.33739475
S2009,0.70343206,0.50892051,0.29028668
S2010,0.54131856,0.49743795,0.53937443
S2011,0.66102169,0.52592656,0.47233790
S2012,0.57680039,0.47324787,0.73784123
S2013,0.65080835,0.64624978,0.67278587
S2014,0.62845949,0.33524345,0.61824729
S2015,0.55162207,0.65926702,0.18905488
S2016,0.41505682,0.54603653,0.56834838
S2017,0.65337365,0.55947916,0.25318276
S2018,0.48758682,0.67782058,0.49790027
S2019,0.61201182,0.48438420,0.39702070
S2020,0.46473139,0.56141717,0.65861375
S2021,0.48424100,0.53556431,0.48003582
S2022,0.50272493,0.58562295,0.45316087
S2023,0.65050982,0.60190484,0.43536471
S2024,0.57114264,0.74122738,0.53750161
S2025,0.60297127,0.69507476,0.47917403
S2026,0.61225391,0.43526629,0.63590171
S2027,0.67623257,0.26827937,0.53161865
S2028,0.75324624,0.18493877,0.74162873
S2029,0.68406732,0.21700266,0.65317723
S2030,0.49324088,0.58519459,0.60071502
S2031,0.65587380,0.48224531,0.51900351
S2032,0.74291059,0.38187298,0.90233940
S2033,0.80162416,0.44444903,0.68426127
S2034,0.56914506,0.39988538,0.67980664
S2035,0.44570547,0.67778817,0.48059626
S2036,0.82068586,0.42169578,0.60925007
S2037,0.64959367,0.26267172,0.50005982
S2038,0.93407342,0.20229545,0.96227265
S2039,0.95167521,0.34748548,0.71381562
S2040,0.83568613,0.48766361,0.65608662
S2041,0.92799419,0.20461161,0.54733837
S2042,0.46174638,0.68788813,0.23593538
S2043,0.30439832,0.35498781,0.39804221
S2044,0.29644212,0.89784954,0.35119228
S2045,0.79139513,0.59153575,0.50285781
S2046,0.86378240,0.31919185,0.57384713
S2047,0.59954338,0.36835762,0.88405707
S2048,0.64247284,0.54712110,0.75623006
S2049,0.43274685,0.70898540,0.38417332
S2050,0.59329969,0.20688744,0.51761973
S2051,0.59405068,0.34390607,0.77536135
S2052,0.47498327,0.72248040,0.50095032
S2053,0.97829498,0.35509785,0.77746885
S2054,0.52841559,0.78350520,0.39919669
S2055,0.69859636,0.57662246,0.57013580
S2056,0.79969412,0.05564535,0.78664206
S2057,0.85503224,0.13196860,0.58646220
S2058,0.70973598,0.51277244,0.53945138
S2059,0.62531247,0.58099943,0.54499016
S2060,0.50401169,0.53434461,0.50029687
S2061,0.44807189,0.74664681,0.21011280
S2062,0.28683343,0.30138497,0.44490795
S2063,0.61960474,0.58063861,0.46035388
S2064,0.87309068,0.15763601,0.81215587
S2065,0.69690543,0.43723376,0.32366077
S2066,0.57292678,0.50303797,0.69441029
S2067,0.52877289,0.55758870,0.56606467
S2068,0.73738921,0.35973096,0.62761871
S2069,0.44943555,0.15779020,0.52221788
S2070,0.57932536,0.54327439,0.39223368
S2071,0.88659608,0.50583443,0.43201272
S2072,0.60930094,0.38726663,0.49277398
S2073,0.89138791,0.32853964,0.67060829
S2074,0.21210647,0.68719663,0.43393969
S2075,0.42851773,0.73178031,0.59664371
S2076,0.59263418,0.37796592,0.47394958
S2077,0.56435971,0.52545219,0.44023122
S2078,0.63548010,0.73153059,0.52327822
S2079,0.44776811,0.55087997,0.47207275
S2080,0.76982395,0.59101996,0.41590077
S2081,0.61715237,0.33090062,0.70388351
S2082,0.91261046,0.14238511,0.65768546
S2083,0.40100768,0.53886036,0.54519749
S2084,0.62877497,0.26188467,0.75572638
S2085,0.79205591,0.27332907,0.58272336
S2086,0.49335712,0.53963338,0.64926484
S2087,0.60357053,0.34337180,0.77286780
S2088,0.76144377,0.32223830,0.83430405
S2089,0.47323689,0.63011226,0.31279992
S2090,0.81820370,0.28259397,0.74957598
S2091,0.41443122,0.66305100,0.62752600
S2092,0.80227761,0.04357454,0.68209572
S2093,0.48089430,0.48360023,0.64624769
S2094,0.40140478,0.47470315,0.47647398
S2095,0.38028242,0.40773261,0.61411897
S2096,0.82721407,0.44842504,0.57041663
S2097,0.51696383,0.56559902,0.47237921
S2098,0.45710954,0.73478727,0.24257943
S2099,0.94347984,0.06647946,0.91033878
S2100,0.66000374,0.74840277,0.60002268
S2101,0.44616923,0.45236203,0.56663702
S2102,0.51358290,0.80055606,0.41934435
S2103,0.54897929,0.58824234,0.60775203
S2104,0.62875736,0.60609423,0.58066651
S2105,0.90628099,0.40808888,0.67088526
S2106,0.54798587,0.34066441,0.42272137
S2107,0.56370893,0.50464189,0.28675508
S2108,0.77383352,0.43598656,0.21034532
S2109,0.79599775,0.44399600,0.81569154
S2110,0.70276744,0.27099402,0.51298548
S2111,0.98103348,0.17172530,0.75168924
S2112,0.39741756,0.60608590,0.67744545
S2113,0.43419454,0.51995766,0.62624049
S2114,0.41944811,0.52002031,0.83769176
S2115,0.36493652,0.31981872,0.45288678
S2116,0.67664998,0.39374664,0.71381200
S2117,0.77730798,0.36540665,0.57651816
S2118,0.71539084,0.48188571,0.43293995
S2119,0.71643057,0.41814635,0.92142182
S2120,0.78923291,0.23419517,0.79831156
S2121,0.65169520,0.37528748,0.58902792
S2122,0.55097226,0.61818960,0.40118761
S2123,0.61169530,0.51538060,0.41053699
S2124,0.40956294,0.41155006,0.58791426
S2125,0.86303926,0.10063973,0.87698556
S2126,0.48345719,0.54993995,0.50226509
S2127,0.64020111,0.58429003,0.56836616
S2128,0.17297354,0.85717305,0.87369747
S2129,0.51196279,0.62095487,0.25554771
S2130,0.61700772,0.49183604,0.66102839
S2131,0.59635750,0.48300764,0.64910650
S2132,0.80336873,0.15603140,0.85717205
S2133,0.24864019,0.58265651,0.54730772
S2134,0.69904751,0.43106534,0.34877787
S2135,0.75744395,0.13886422,0.49449288
S2136,0.69420027,0.84830137,0.73692349
S2137,0.97806258,0.39897984,0.76269946
S2138,0.70890022,0.42742480,0.40285379
S2139,0.89064360,0.35618285,1.00000000
S2140,0.93226502,0.47578520,0.46653935
S2141,0.89780498,0.26671024,0.54602328
S2142,0.63222541,0.50336962,0.39779318
S2143,0.95556668,0.12122525,0.75966337
S2144,0.64563911,0.32487722,0.64238983
S2145,0.81637402,0.54756220,0.46441147
S2146,0.68163660,0.62086346,0.49296223
S2147,0.74078963,0.63867208,0.64452742
S2148,0.42859357,0.64233330,0.56116358
S2149,0.81694149,0.44043375,0.64201917
S2150,0.33729400,0.62093809,0.43541186
S2151,0.73922791,0.60158385,0.40714637
S2152,0.73961115,0.64406865,0.73043567
S2153,0.49523447,0.89988703,0.59036467
S2154,0.76474362,0.48191686,0.78090943
S2155,0.35870272,0.54129475,0.53670092
S2156,0.79941536,0.41919830,0.94499087
S2157,0.69506379,0.52554447,0.37172992
S2158,0.59692982,0.28801421,0.47936285
S2159,0.81452699,0.49084196,0.50462488
S2160,0.49797292,0.55814839,0.42718065
S2161,0.52238360,0.49264966,0.67378556
S2162,0.85047880,0.10411422,0.47587808
S2163,0.78782709,0.46343798,0.85020849
S2164,0.82518642,0.45497667,0.54984772
S2165,0.46930970,0.69086006,0.56585748
S2166,0.31490256,0.52796701,0.57747210
S2167,0.72990935,0.55434784,0.44775378
S2168,0.42903775,0.64266962,0.48222798
S2169,0.67374210,0.44199692,0.54265248
S2170,0.78973569,0.50981046,0.52600756
S2171,0.44122718,0.74464810,0.60740913
S2172,0.35809847,0.55448855,0.39639702
S2173,0.40939391,0.51667774,0.40411742
S2174,0.50810368,0.87402846,0.43751334
S2175,0.36848773,0.55369913,0.43363576
S2176,0.38006411,0.56595033,0.57424926
S2177,0.60337703,0.67778131,0.52077230
S2178,0.57286997,0.57486135,0.69122915
S2179,0.61092992,0.47212769,0.34357180
S2180,0.33007440,0.63659851,0.65901867
S2181,0.35100630,0.71491376,0.59878948
S2182,0.55461364,0.33547824,0.58237610
S2183,0.51348417,0.69874394,0.44292491
S2184,0.70154111,0.45673828,0.39554517
S2185,0.58295075,0.60927399,0.88203167
S2186,0.70125207,0.40880754,0.34354986
S2187,0.36334095,0.90767259,0.48329236
S2188,0.61668251,0.67578791,0.37876396
S2189,0.44186675,0.84926722,0.40609451
S2190,0.58447633,0.19340235,0.64483076
S2191,0.91796812,0.64415213,0.29773153
S2192,0.42629078,0.33185130,0.71379889
S2193,0.68766445,0.46611984,0.32870864
S2194,0.50297662,0.55585359,0.52774988
S2195,0.34345130,0.86912399,0.46850693
S2196,0.57183421,0.21607112,0.90092582
S2197,0.70452249,0.33990390,0.66766507
S2198,0.64156580,0.69994762,0.36434001
S2199,0.57920546,0.87555639,0.53947166
S2200,0.34800111,0.40103448,0.92948633
S2201,0.56107784,0.74842523,0.38553453
S2202,0.83299940,0.29538453,0.26557313
S2203,0.62274786,0.48753973,0.74385601
S2204,0.14600824,0.77735159,0.36138891
S2205,0.85638877,0.25334177,0.60883111
S2206,0.48476755,0.81570277,0.47112473
S2207,0.64084878,0.80153685,0.53459932
S2208,0.57037652,0.12781515,0.85447542
S2209,0.57596849,0.58999798,0.48436382
S2210,0.35725230,0.86944132,0.40911404
S2211,0.38984580,0.61419867,0.66916422
S2212,0.48426715,0.70605413,0.56504963
S2213,0.39420382,0.58389306,0.62495785
S2214,0.72836803,0.36851037,0.38765259
S2215,0.43970551,0.64838089,0.51849166
S2216,0.66006457,0.23822630,0.77665058
S2217,0.42700346,0.37139331,0.52963692
S2218,0.49488273,0.65213712,0.51336507
S2219,0.62895741,0.59851151,0.29282834
S2220,0.52161723,0.25127801,0.65729914
S2221,0.33823177,0.39113857,0.55734017
S2222,0.37147787,0.50214689,0.50766690
S2223,0.54371689,0.58498251,0.30347003
S2224,0.32036356,0.53519599,0.52678926
S2225,0.65961069,0.61879703,0.57627582
S2226,0.62210804,0.59855125,0.61177154
S2227,0.45211930,0.43859561,0.57276066
S2228,0.57257707,0.63988789,0.66726668
S2229,0.83476989,0.56023023,0.29460840
S2230,0.66701374,0.66489622,0.48804132
S2231,0.63512270,0.54711387,0.65661205
S2232,0.64104603,0.58170515,0.57623673
S2233,0.75306174,0.48060195,0.78982842
S2234,0.78222003,0.44357554,0.61091241
S2235,0.55180455,0.63298319,0.57240980
S2236,0.81632733,0.54922391,0.53957239
S2237,0.77948592,0.41455879,0.63126464
S2238,0.38838966,0.45882878,0.34862629
S2239,0.56954529,0.63200783,0.50617408
S2240,0.35012406,0.75955219,0.44466682
S2241,0.63471041,0.62921169,0.37123343
S2242,0.50833451,0.63043568,0.44040570
S2243,0.54927694,0.80244561,0.48295463
S2244,0.72995447,0.26884227,0.67630541
S2245,0.47875181,0.56100827,0.33658369
S2246,0.42101531,0.64439862,0.67866224
S2247,0.55606098,0.49110037,0.55751983
S2248,0.64929974,0.38643469,0.71667887
S2249,0.58738484,0.45364973,0.66519060
S2250,0.31017439,0.63467649,0.44538946
S2251,0.44218242,0.35676810,0.57724046
S2252,0.67756235,0.46568139,0.14466089
S2253,0.73269053,0.47713906,0.68078909
S2254,0.64323842,0.42294075,0.74719583
S2255,0.57785829,0.39745140,0.71694729
S2256,0.74957459,0.20572282,0.78861317
S2257,0.60515622,0.40988437,0.66635553
S2258,0.60433459,0.32639368,0.70026350
S2259,0.84403320,0.61060518,0.53899932
S2260,0.80709612,0.18330900,0.77941517
S2261,0.61271014,0.27591244,0.58844883
S2262,0.45770162,0.80943527,0.71248876
S2263,0.77404881,0.35262611,0.53236373
S2264,0.53043015,0.48506287,0.42153197
S2265,0.61369640,0.40414247,0.51034086
S2266,0.58463895,0.55308337,0.45619716
S2267,0.42400098,0.79135120,0.15009428
S2268,0.42883709,0.47856962,0.51757905
S2269,0.72328322,0.18843124,0.59150460
S2270,0.44593679,0.53764679,0.30454990
S2271,0.39033354,0.48863655,0.56945691
S2272,0.56015472,0.31156716,0.39478072
S2273,0.53146476,0.24794409,0.89404774
S2274,0.60583745,0.47207626,0.46146614
S2275,0.25318702,0.64167707,0.34777976
S2276,0.33544231,0.92717460,0.21580892
S2277,0.67767813,0.48144532,0.46113084
S2278,0.28304944,0.67455081,0.47791516
S2279,0.84140410,0.44546070,0.74512686
S2280,0.53284673,0.42614802,0.32753283
S2281,0.65332708,0.41736959,0.72688582
S2282,0.38972808,0.31429548,0.66017426
S2283,0.55012310,0.30111386,0.60423901
S2284,0.76026715,0.42495875,0.52934936
S2285,1.00000000,0.23790746,0.67313660
S2286,0.81453373,0.40066693,0.57053846
S2287,0.64603721,0.05046664,0.70217863
S2288,0.35601104,0.43962736,0.40528324
S2289,0.50819630,0.56689650,0.27648070
S2290,0.89267752,0.59165136,0.36603838
S2291,0.68462153,0.44873989,0.54027267
S2292,0.51133723,0.54278724,0.71035727
S2293,0.67370877,0.60540367,0.46292760
S2294,0.71339285,0.58973383,0.25614498
S2295,0.87295331,0.45563598,0.60164418
S2296,0.73046556,0.41912706,0.68030733
S2297,0.54641471,0.02333888,0.82288592
S2298,0.48617203,0.49715068,0.46820238
S2299,0.92603415,0.04437934,0.31835045
S2300,0.58282815,0.73089036,0.43718045
S2301,0.50217022,0.78645035,0.59084593
S2302,0.47535020,0.52447787,0.48637947
S2303,0.59635341,0.36765915,0.42566746
S2304,0.68291971,0.38683416,0.77534057
S2305,0.78746928,0.31732262,0.36347178
S2306,0.33791087,0.48427875,0.58638286
S2307,0.56779262,0.20536599,0.55323010
S2308,0.68547819,0.10415872,0.82586801
S2309,1.00000000,0.50114789,0.73239240
S2310,0.67164552,0.63501331,0.43753970
S2311,0.70922980,0.27970165,0.58925658
S2312,0.41814764,0.76745276,0.54548957
S2313,0.78659506,0.31095342,0.84906810
S2314,0.44404227,0.69645203,0.62249851
S2315,0.65815790,0.42172319,0.65539736
S2316,0.56897631,0.44113271,0.45611568
S2317,0.65659586,0.66448137,0.68452727
S2318,0.54783209,0.36507866,0.66752694
S2319,0.78504062,0.44852452,0.80254295
S2320,0.76583939,0.48684845,0.55954195
S2321,0.49198061,0.27485054,0.34404024
S2322,0.14963227,0.55366792,0.37905398
S2323,0.32525663,0.83503653,0.15513396
S2324,0.53024351,0.51518961,0.29321627
S2325,0.52220523,0.68392533,0.28063761
S2326,0.83885956,0.16258971,0.65544425
S2327,0.40241820,0.55607893,0.62644565
S2328,0.47740139,0.51596611,0.34390812
S2329,0.55072706,0.30223790,0.48023201
S2330,0.42885106,0.40149955,0.42754245
S2331,0.99836399,0.56515888,0.52579357
S2332,0.74805613,0.41414308,0.58739323
S2333,0.62658856,0.70989140,0.63099394
S2334,0.56969983,0.67103097,0.51089572
S2335,0.79387889,0.62148588,0.32937742
S2336,0.66703991,0.21550476,0.64251911
S2337,0.57174511,0.48603693,0.37969474
S2338,0.27762451,0.45744942,0.34405124
S2339,0.60869063,0.30429676,0.65563828
S2340,0.55216755,0.38012446,0.94611796
S2341,0.76178735,0.29342968,0.72347477
S2342,0.67716810,0.19201963,0.48932992
S2343,0.63705495,0.37581913,0.48748132
S2344,0.24742827,0.55526794,0.25130999
S2345,0.47030223,0.54978815,0.61602829
S2346,0.72451721,0.44729915,0.65073648
S2347,0.39983923,0.59092881,0.24750905
S2348,0.96537032,0.47354853,0.66686731
S2349,0.43461331,0.57807769,0.39972507
S2350,0.91119845,0.31337618,0.68051341
S2351,0.57060760,0.21879692,0.92235594
S2352,0.48815215,0.58742249,0.57526996
S2353,0.61550853,0.75509188,0.56574310
S2354,0.53881390,0.67971583,0.38733082
S2355,0.34024873,0.47814849,0.41080782
S2356,0.17611138,0.69033959,0.53887982
S2357,0.43223229,0.43590539,0.31530592
S2358,0.51882482,0.42189780,0.57376626
S2359,0.54154085,0.49408961,0.76834453
S2360,0.48892115,0.48595069,0.35905789
S2361,0.37553773,0.32160641,0.53448121
S2362,0.72501886,0.30056293,0.64649302
S2363,0.67670052,0.34785870,0.66500682
S2364,0.61337150,0.53742876,0.31564059
S2365,0.82291942,0.22287445,0.68001645
S2366,0.63371063,0.27483303,0.47114255
S2367,0.45028507,0.72665472,0.29956718
S2368,0.53635445,0.45427068,0.34649531
S2369,0.64283405,0.53647824,0.55119940
S2370,0.60114795,0.36644541,0.42643879
S2371,0.45868601,0.37697871,0.72011518
S2372,0.61461269,0.56896112,0.35812296
S2373,0.73575215,0.51766177,0.59353780
S2374,0.84761156,0.52696017,0.76939699
S2375,0.53873941,0.41315685,0.71370726
S2376,0.68715299,0.29645697,0.73942352
S2377,0.32658606,0.49949019,0.39197778
S2378,0.60957563,0.52160786,0.59427384
S2379,0.86089733,0.28504041,0.61152180
S2380,0.73575427,0.17951555,0.69852712
S2381,0.51961013,0.69752994,0.39921063
S2382,0.74546475,0.21903409,0.57832498
S2383,0.64601004,0.25151183,0.41441527
S2384,0.31929882,0.72487711,0.34376595
S2385,0.44695310,0.58697682,0.49061322
S2386,0.55826738,0.47242186,0.62073189
S2387,0.59548785,0.31635340,0.72254457
S2388,0.47016364,0.63465435,0.39580758
S2389,0.54884497,0.38444957,0.62045436
S2390,0.87122893,0.24576482,0.59739452
S2391,0.51808731,0.34609179,0.55165412
S2392,0.55681462,0.54864803,0.37476300
S2393,0.25981813,0.52296296,0.44972098
S2394,0.62979358,0.48118865,0.49003834
S2395,0.29433907,0.73850420,0.47521473
S2396,0.55551022,0.46733183,0.26714780
S2397,0.55521539,0.27212817,0.36646660
S2398,0.87340457,0.35806881,0.43480998
S2399,0.75696630,0.26883297,0.62972781
S2400,0.43807746,0.54900249,0.46388764
S2401,0.55764659,0.75111284,0.57371722
S2402,0.56300050,0.65768212,0.59723566
S2403,0.72706464,0.30693638,0.45846869
S2404,0.61628839,0.60203179,0.44308787
S2405,0.81175898,0.63652791,0.36999567
S2406,0.55205939,0.47012407,0.39141685
S2407,0.65709983,0.32861174,0.75692289
S2408,0.76078354,0.47687539,0.88066253
S2409,0.36663378,0.72874637,0.37288959
S2410,0.59598637,0.33272195,0.69095376
S2411,0.37052051,0.70800939,0.34192668
S2412,0.54528880,0.51602364,0.62152721
S2413,0.65740885,0.59724848,0.52885033
S2414,0.86172823,0.62939075,0.75002005
S2415,0.60106212,0.63701182,0.42339618
S2416,0.45631470,0.67435787,0.37188743
S2417,0.78492290,0.41544516,0.63629118
S2418,0.75782755,0.22795286,0.55901134
S2419,0.72031694,0.48657294,0.54563281
S2420,0.54587703,0.46473671,0.47664622
S2421,0.62202873,0.29856792,0.70145194
S2422,0.61222739,0.33367506,0.76644929
S2423,0.59441174,0.39057508,0.70300266
S2424,1.00000000,0.20991941,0.70513832
S2425,0.67355438,0.23100002,0.71391661
S2426,0.61187892,0.49444988,0.72698343
S2427,0.57143362,0.61231266,0.57665607
S2428,0.69281308,0.39592240,0.46063101
S2429,0.43584140,0.54161205,0.37993465
S2430,0.52785271,0.69875696,0.32998235
S2431,0.47766588,0.56807628,0.34502273
S2432,0.52258627,0.50564184,0.50446221
S2433,0.89387921,0.58237311,0.63207508
S2434,0.80152747,0.24011613,0.49222181
S2435,0.16765321,0.64732033,0.24668623
S2436,0.78443129,0.54657668,0.69614646
S2437,0.51654993,0.41570919,0.57357873
S2438,0.48261580,0.90020617,0.64466265
S2439,0.63239282,0.40610176,0.57547897
S2440,0.35736988,0.60886280,0.54468907
S2441,0.35496722,0.55869495,0.51599339
S2442,0.87312183,0.42082386,0.58828154
S2443,0.66472611,0.25634489,0.40705177
S2444,0.60160305,0.60554406,0.46840554
S2445,0.49393651,0.51807143,0.56083323
S2446,0.48289189,0.57077154,0.60746777
S2447,0.72522270,0.05876978,0.60330622
S2448,0.73706841,0.25858370,0.66459629
S2449,0.56247991,0.61535382,0.36112816
S2450,0.97537700,0.21655411,0.49729252
S2451,0.44234857,0.36977775,0.58743971
S2452,0.87487826,0.30498469,0.65079997
S2453,0.58591065,0.57190250,0.32783191
S2454,0.51243669,0.61539365,0.36673859
S2455,0.74703883,0.43653974,0.48953800
S2456,0.38324574,0.81245193,0.35385480
S2457,0.36347423,0.32686640,0.45523282
S2458,0.57146332,0.11023470,0.75817679
S2459,0.62483088,0.28340783,0.55751828
S2460,0.25260022,0.68427104,0.40893023
S2461,0.41974650,0.45718917,0.35156629
S2462,0.62205377,0.48362461,0.62774661
S2463,0.69528074,0.22921489,0.54450904
S2464,0.28498151,0.69211871,0.38313479
S2465,0.43385216,0.61769744,0.44446026
S2466,0.49599148,0.64993733,0.68700778
S2467,0.50888657,0.61183925,0.66590711
S2468,0.58128097,0.63136760,0.57885114
S2469,0.79901999,0.59679203,0.61141992
S2470,0.67518797,0.64678442,0.61410267
S2471,0.34827594,0.33529481,0.60989556
S2472,0.60001383,0.18893185,0.65210833
S2473,0.67507964,0.46089916,0.61755722
S2474,0.66380650,0.40437348,0.53747489
S2475,0.77354588,0.54888773,0.64406080
S2476,0.28363949,0.49893197,0.52153183
S2477,0.58505543,0.46464621,0.53338457
S2478,0.70671112,0.68401072,0.65817054
S2479,0.85185181,0.28686412,1.00000000
S2480,0.58509092,0.62075102,0.44512052
S2481,0.73527842,0.38277102,0.38319215
S2482,0.65490477,0.32126688,0.47227959
S2483,0.94794827,0.22349891,0.71714283
S2484,0.51630081,0.48496174,0.72884676
S2485,0.60244883,0.60354996,0.46683372
S2486,0.59012730,0.37701373,0.58126365
S2487,0.47605877,0.50904736,0.29094008
S2488,0.48085618,0.50764410,0.30751309
S2489,0.72515465,0.41639310,0.51477134
S2490,0.75888617,0.43304165,0.43897146
S2491,0.59092255,0.30551047,0.68021549
S2492,0.79678870,0.18947341,0.81092578
S2493,0.37827998,0.88976017,0.41658349
S2494,0.55295560,0.61380519,0.81124651
S2495,0.32147942,0.59741570,0.28936773
S2496,0.63141751,0.56647296,0.47159013
S2497,0.49633670,0.56145692,0.56566717
S2498,0.68882628,0.39130434,0.52800122
S2499,0.47230542,0.42788953,0.36658386
S2500,0.36723033,0.81238379,0.36790289
S2501,0.59843238,0.51017699,0.45467659
S2502,0.42052717,0.00000000,0.51623298
S2503,0.36558584,0.73409632,0.40191374
S2504,0.88919578,0.63481076,0.82874726
S2505,0.39725672,0.59942439,0.47213007
S2506,0.51807458,0.21066926,0.60927530
S2507,0.56409700,0.51662316,0.49800071
S2508,0.32498486,0.50538448,0.67910506
S2509,0.62436624,0.63294759,0.24955283
S2510,0.18575437,0.55121683,0.56985156
S2511,0.71427458,0.70772481,0.63082121
S2512,0.60707169,0.31236256,0.55462329
S2513,0.50684504,0.35642741,0.72258916
S2514,0.58132007,0.18579097,0.69044777
S2515,0.63920241,0.48834051,0.34711514
S2516,0.55541544,0.69851981,0.37751051
S2517,0.55593055,0.27598828,0.62436725
S2518,0.87556685,0.28663057,0.38464878
S2519,0.64214762,0.21555821,0.63714321
S2520,0.58168750,0.75430622,0.49313223
S2521,0.84818642,0.38751851,0.64948700
S2522,0.39713056,0.90450970,0.76945296
S2523,0.56876422,0.56270781,0.48676976
S2524,0.61047023,0.35994097,0.47549691
S2525,0.39063380,0.57038395,0.42731766
S2526,0.80871208,0.53756345,0.68018749
S2527,0.77640520,0.00000000,0.66827289
S2528,0.79669963,0.40595746,0.59669622
S2529,0.86906641,0.38410530,0.92166249
S2530,0.59664315,0.69641759,0.51617445
S2531,0.61008894,0.61896888,0.71064321
S2532,0.32791402,0.71129817,0.57959452
S2533,0.70961690,0.69268483,0.34133236
S2534,0.62420575,0.06432265,0.64375575
S2535,0.67223561,0.53768442,0.56146161
S2536,0.59299611,0.49875643,0.45945341
S2537,0.82964631,0.41764271,0.63125393
S2538,0.68082950,0.27890064,0.71661567
S2539,0.50222118,0.29435962,0.59450829
S2540,0.48490380,0.44591653,0.68649266
S2541,0.39404620,0.31705899,0.50307054
S2542,0.64336289,0.44690020,0.61726356
S2543,0.65731110,0.55589559,0.38636462
S2544,0.48375769,0.66906701,0.47351977
S2545,0.81037503,0.40778582,0.76987833
S2546,0.56420391,0.65126069,0.50089677
S2547,0.65251095,0.53436368,0.84536929
S2548,0.40744104,0.31377653,0.48703611
S2549,0.67926284,0.62081769,0.54398885
S2550,0.47835275,0.67754680,0.45040133
S2551,0.58988992,0.70836279,0.27463454
S2552,0.57238655,0.38471206,0.60736038
S2553,0.78406785,0.40077704,0.48617704
S2554,0.50830984,0.78534486,0.25714847
S2555,0.65392646,0.50997047,0.51522308
S2556,0.79062787,0.34221906,0.75396011
S2557,0.98514919,0.51411806,0.76450521
S2558,0.64073440,0.89622510,0.44638839
S2559,0.26407309,0.94708633,0.45223914
S2560,0.46860245,0.43232929,0.61065599
S2561,0.78497255,0.30057689,0.71875029
S2562,0.49121568,0.53571682,0.50822325
S2563,0.91440640,0.05559265,0.77781561
S2564,0.73211467,0.35821901,0.35270623
S2565,0.97017283,0.42983168,0.66010480
S2566,0.59626121,0.70481213,0.53241371
S2567,0.57163691,0.68361032,0.66448318
S2568,0.73639327,0.25662231,0.61506329
S2569,0.57549515,0.42131390,0.71399786
S2570,0.71266668,0.30010728,0.62787335
S2571,0.61822026,0.47321311,0.57605500
S2572,0.72402540,0.38892577,0.65445641
S2573,0.58512013,0.37005062,0.54052865
S2574,0.92893316,0.40771243,0.98929431
S2575,0.67809288,0.33360926,0.61562949
S2576,0.49080695,0.48901381,0.46944901
S2577,0.58165611,0.40705864,0.54010597
S2578,0.50579326,0.61168334,0.35675589
S2579,0.49038235,0.58055930,0.56066298
S2580,0.62470616,0.41451837,0.76427524
S2581,0.58659514,0.43621359,0.43344517
S2582,0.31288997,0.55474027,0.69038821
S2583,0.76076307,0.43141626,0.41274859
S2584,0.71525505,0.43191153,0.50645078
S2585,0.57916168,0.62205526,0.39256998
S2586,0.83492433,0.46163927,0.72485143
S2587,0.59174804,0.32331049,0.66082081
S2588,0.33221235,0.56732710,0.65214526
S2589,0.82109676,0.21957159,0.65075169
S2590,0.68412813,0.31905967,0.68756235
S2591,0.30087219,0.69652118,0.26696704
S2592,1.00000000,0.21933694,0.76752200
S2593,0.62114586,0.58722320,0.53271915
S2594,0.73459106,0.44308297,0.31935535
S2595,0.58146253,0.73704475,0.54048838
S2596,0.70475051,0.36394147,0.83729208
S2597,0.51614757,0.72811929,0.38238091
S2598,0.41405120,0.67333980,0.27195171
S2599,0.66474827,0.41656161,0.51887223
S2600,0.25363656,0.65527049,0.48609523
S2601,0.52431859,0.42996653,0.75264843
S2602,0.64470685,0.79490536,0.42513203
S2603,0.63911656,0.21679288,0.67078944
S2604,0.58689819,0.82282197,0.35002300
S2605,0.60457449,0.42072370,0.60416345
S2606,0.75359510,0.30304287,0.46324258
S2607,0.52022636,0.76144934,0.30509473
S2608,0.51054341,0.31150132,0.57022898
S2609,1.00000000,0.21610493,0.74326963
S2610,0.79033093,0.46475859,0.69988118
S2611,0.71970293,0.39169639,0.62167545
S2612,0.53153741,0.56749900,0.51222381
S2613,0.67443678,0.40548307,0.59047280
S2614,0.52019932,0.71361090,0.66124939
S2615,0.67079101,0.72397430,0.43811000
S2616,0.72001453,0.44770887,0.90286582
S2617,0.57637354,0.27663389,0.43155569
S2618,0.61218065,0.39257612,0.66421267
S2619,0.69969985,0.51269595,0.80615280
S2620,0.52883875,0.46736339,0.41655785
S2621,0.67645284,0.59729198,0.53270550
S2622,0.66347212,0.51462510,0.38238622
S2623,0.52146656,0.44302544,0.60449966
S2624,0.44349834,0.68092497,0.64957421
S2625,0.39910140,0.46532642,0.52391240
S2626,0.64810405,0.64001840,0.55883453
S2627,0.66495502,0.22288308,0.80652168
S2628,1.00000000,0.36948130,0.74048408
S2629,0.48394137,0.62251034,0.63361751
S2630,0.56354253,0.31369071,0.42743491
S2631,0.30036252,0.67155102,0.43427983
S2632,0.54246874,0.39053834,0.58136074
S2633,0.61804547,0.66166856,0.49164507
S2634,0.52649334,0.67278611,0.33559399
S2635,0.88426468,0.25133627,0.73286439
S2636,0.44353791,0.50255297,0.66023327
S2637,0.54661800,0.57805027,0.65391792
S2638,0.61998325,0.48496392,0.59478225
S2639,0.69544394,0.38754793,0.69422287
S2640,0.89240726,0.41878589,0.61407744
S2641,0.77954576,0.45222711,0.46836793
S2642,0.46765779,0.39645648,0.47937395
S2643,0.85616803,0.65519889,0.36801086
S2644,0.47244192,0.52766243,0.70646735
S2645,0.63172999,0.15718144,0.68186315
S2646,0.54007341,0.45792583,0.80268998
S2647,0.50373070,0.35246878,0.33075301
S2648,0.52977249,0.87681538,0.48455604
S2649,0.43116323,0.55709815,0.65455397
S2650,0.84442869,0.32138335,0.68192961
S2651,0.54969120,0.16583243,0.38329739
S2652,0.58124817,0.63822304,0.36050023
S2653,0.54081746,0.21898148,0.84186473
S2654,0.72643464,0.60154302,0.65648755
S2655,0.53767217,0.69481139,0.34781001
S2656,0.85020376,0.21130541,0.73661439
S2657,0.67596588,0.49199374,0.52960653
S2658,0.82815949,0.21689567,0.49989622
S2659,0.84614850,0.41234892,0.51970814
S2660,0.37640907,0.38066187,0.45316872
S2661,0.47510723,0.43092073,0.43844299
S2662,0.24959272,0.65907811,0.43750415
S2663,0.71151058,0.53510982,0.67607655
S2664,0.50133969,0.34507181,0.77033946
S2665,0.64754390,0.43555276,0.75343750
S2666,0.28799600,0.63787121,0.47521700
S2667,0.53599920,0.57990089,0.86894508
S2668,0.53889698,0.66803643,0.38345026
S2669,0.62091816,0.50567655,0.79585056
S2670,0.62785545,0.18777676,0.61164801
S2671,0.70753266,0.12496867,0.68398695
S2672,0.26659829,0.64424617,0.55402869
S2673,0.55873632,0.48870797,0.57317296
S2674,0.80923264,0.09742473,0.73637689
S2675,0.40742550,0.28914191,0.71087048
S2676,0.61264516,0.41312155,0.63346053
S2677,0.70495202,0.20647783,0.68773823
S2678,0.66427412,0.76850454,0.52581230
S2679,0.86458970,0.34046341,0.77482222
S2680,0.64029245,0.26279056,0.41692534
S2681,0.92058650,0.30922506,0.47249024
S2682,0.46722493,0.46342198,0.43540677
S2683,0.67343567,0.36300980,0.52076952
S2684,0.66860735,0.44909436,0.45565265
S2685,0.73041762,0.59223154,1.00000000
S2686,0.45946853,0.64881401,0.50953342
S2687,0.30959919,0.63190787,0.52789900
S2688,0.84913256,0.22909589,0.68423588
S2689,0.79919598,0.42459354,0.75399733
S2690,0.56762613,0.60482159,0.65452634
S2691,0.45730794,0.39995856,0.60864816
S2692,0.40280339,0.45215892,0.88578258
S2693,0.47628924,0.68048477,0.57434512
S2694,0.27114085,0.53451275,0.50936898
S2695,0.61719552,0.49166852,0.66782445
S2696,0.35472308,0.39313386,0.55437410
S2697,0.42813164,0.41844986,0.36162909
S2698,0.42963992,0.39428151,0.45011587
S2699,0.49161225,0.49374006,0.51678413
S2700,0.39822242,0.53253237,0.56725046
S2701,0.57020618,0.62754795,0.58180106
S2702,0.67004049,0.46327928,0.59558829
S2703,0.49355895,0.58347151,0.62252136
S2704,1.00000000,0.41337135,0.61993825
S2705,0.57247674,0.58901307,0.30915787
S2706,0.49802341,0.38599369,0.53664587
S2707,0.61438005,0.67412644,0.70129918
S2708,0.61187876,0.63484325,0.27206133
S2709,0.63750818,0.90186064,0.40376477
S2710,0.49890548,0.53255626,0.77885874
S2711,0.63942449,0.52622540,0.79862981
S2712,0.89936746,0.12315196,0.51883076
S2713,0.61551270,0.53669214,0.46863028
S2714,0.58521309,0.55240345,0.52966580
S2715,0.85170968,0.34115161,0.66125186
S2716,0.30467359,0.73038401,0.00194996
S2717,0.70888405,0.27274525,0.57415905
S2718,0.67916606,0.38645450,0.39636670
S2719,0.56999053,0.61276718,0.52377516
S2720,0.52755556,0.54917237,0.70524170
S2721,0.35980539,0.59592610,0.54437407
S2722,0.51277632,0.52213637,0.57913997
S2723,0.59627992,0.62598302,0.29313491
S2724,0.45269731,0.55109633,0.66364610
S2725,0.66201497,0.36522966,0.37266689
S2726,0.47095728,0.65416040,0.48820745
S2727,0.62384940,0.46491465,0.59368655
S2728,0.81537923,0.00000000,0.82010697
S2729,0.55915568,0.24145447,0.58042021
S2730,0.61515684,0.47660802,0.66941146
S2731,0.85499279,0.61160209,0.50244933
S2732,0.51991435,0.56847923,0.49208280
S2733,0.33431535,0.70302653,0.39287869
S2734,0.46287371,0.29201719,0.37187312
S2735,0.31408217,0.45471506,0.86365285
S2736,0.28285818,0.51865578,0.37984335
S2737,0.49600715,0.42985021,0.46873588
S2738,0.59477458,0.35583914,0.63469629
S2739,0.48451019,0.26559972,0.72423028
S2740,0.65221896,0.53822498,0.51083839
S2741,0.44750780,0.67881300,0.60303936
S2742,0.38039186,0.56102422,0.88431747
S2743,0.60679670,0.44438973,0.54687997
S2744,0.53625146,0.55628871,0.53286118
S2745,0.54070059,0.62406829,0.43723293
S2746,0.66310395,0.30838818,0.74455438
S2747,0.58549958,0.59507124,0.76895481
S2748,0.38440344,0.60012655,0.62381740
S2749,0.83556746,0.27364061,0.69174721
S2750,0.77522666,0.31718256,0.52743182
S2751,0.55152411,0.56982069,0.34965899
S2752,0.96050473,0.28397248,0.74479799
S2753,0.61106774,0.41156688,0.45041117
S2754,0.51500425,0.87025457,0.29953703
S2755,0.80238822,0.41868992,0.53522539
S2756,0.45996734,0.76322489,0.66351496
S2757,0.55138090,0.46203705,0.62084963
S2758,0.32555048,0.62808218,0.50004887
S2759,0.77023854,0.32252595,0.82025246
S2760,0.67981751,0.46419110,0.39337709
S2761,0.97102790,0.31519635,0.56959065
S2762,0.53908783,0.51056853,0.32478913
S2763,0.72485555,0.52668451,0.63980794
S2764,0.56737112,0.40299602,0.72314330
S2765,0.66705167,0.34649606,0.60097380
S2766,0.44550710,0.85419365,0.69308947
S2767,0.86846874,0.51645614,0.49733487
S2768,0.62531842,1.00000000,0.11369734
S2769,0.37905678,0.45745947,0.58096502
S2770,0.65512067,0.25609051,0.62480227
S2771,0.55764007,0.62434482,0.41928348
S2772,0.98622744,0.39546016,0.66424775
S2773,0.33208167,0.53473324,0.43912554
S2774,0.69926425,0.34367708,0.64182054
S2775,0.63060413,0.47644595,0.41206992
S2776,0.60616466,0.47625876,0.59482978
S2777,0.77748733,0.53468371,0.69181545
S2778,0.36793440,0.38851155,0.56927511
S2779,0.19593275,0.59916467,0.49098934
S2780,0.40874960,0.56375166,0.58460419
S2781,0.53811357,0.54451556,0.48426804
S2782,0.69689590,0.65255898,0.70066380
S2783,0.38616016,0.34430571,0.64250706
S2784,0.83614275,0.37267593,0.98783971
S2785,0.79361399,0.33563204,0.58568798
S2786,0.51632595,0.60752699,0.68602300
S2787,0.59545398,0.31228781,0.78485748
S2788,0.72931705,0.41579897,0.49957619
S2789,0.87491448,0.44510503,0.52059571
S2790,0.44233987,0.62445626,0.48480866
S2791,0.55332810,0.70663039,0.50449999
S2792,0.52830397,0.62573787,0.37123143
S2793,0.60271863,0.44131370,0.56779491
S2794,0.42832392,0.42004021,0.49195316
S2795,0.68766081,0.67549050,0.36952257
S2796,0.72151988,0.64550360,0.45462979
S2797,0.60594180,0.29259562,0.57887393
S2798,0.46372884,0.57787115,0.62721108
S2799,0.44291108,0.26839752,0.67409147
S2800,0.73185895,0.32131008,0.55100653
S2801,0.61671604,0.54551901,0.63550067
S2802,0.59832363,0.58859528,0.53299313
S2803,0.68342611,0.52758653,0.65647311
S2804,0.63976154,0.40799184,0.72471172
S2805,0.52474062,0.45564661,0.50207021
S2806,0.42125547,0.54997010,0.70513611
S2807,0.56037462,0.30774671,0.52493644
S2808,0.57530318,0.53945209,0.73264834
S2809,0.79839602,0.28378046,0.43873435
S2810,0.46680759,0.73958975,0.38030273
S2811,0.82753105,0.23160129,0.70347643
S2812,0.72278916,0.22895649,0.44848833
S2813,0.68584421,0.39099889,0.55400965
S2814,0.63337609,0.65949818,0.47141667
S2815,0.25271289,0.55016726,0.47905506
S2816,0.74672506,0.36600848,0.58299890
S2817,0.78963827,0.62902925,0.67209100
S2818,0.65369674,0.69011575,0.48512176
S2819,0.64858977,0.58331086,0.52520235
S2820,0.50677070,0.70433076,0.51053821
S2821,0.76947609,0.13274727,0.61677252
S2822,0.54372682,0.41067558,0.64659727
S2823,0.80362069,0.50212593,0.46033686
S2824,0.66273311,0.33496742,0.68393691
S2825,0.31929998,0.52579334,0.47572429
S2826,0.78531531,0.49478177,0.59889267
S2827,0.48812991,0.58422659,0.42664520
S2828,0.55378204,0.65399983,0.61754916
S2829,0.76562712,0.13117456,0.70384085
S2830,0.69616356,0.36226334,0.82795704
S2831,0.80036934,0.29686393,0.44766422
S2832,0.37204392,0.00000000,0.80989982
S2833,0.84987598,0.25815270,0.64201412
S2834,0.38386858,0.72885359,0.48846141
S2835,0.81589838,0.32164832,0.31413948
S2836,0.49000709,0.59011465,0.58852804
S2837,0.59027388,0.64233408,0.35420251
S2838,0.44452066,0.79945231,0.48060056
S2839,0.53878090,0.58916621,0.64716862
S2840,0.50690427,0.64351103,0.43667427
S2841,1.00000000,0.44445807,0.32830273
S2842,0.41319631,0.59855622,0.27969635
S2843,0.77372346,0.53431841,0.76960250
S2844,0.73453523,0.40820591,0.52732622
S2845,0.50975299,0.44187132,0.45886410
S2846,0.60309783,0.56118148,0.49446852
S2847,0.85183834,0.10611183,1.00000000
S2848,0.60583321,0.35676362,0.76467462
S2849,0.36241425,0.63351076,0.44490363
S2850,0.63064026,0.61558208,0.54619270
S2851,0.57372290,0.30937332,0.28620696
S2852,0.34709222,0.60265282,0.51929891
S2853,0.60340715,0.37936978,0.67014167
S2854,0.45136068,0.52409939,0.64597910
S2855,0.77851133,0.44652041,0.61101039
S2856,0.48191384,0.73582782,0.41063540
S2857,0.48716402,0.32194409,0.47341070
S2858,0.51991561,0.44020610,0.37478766
S2859,0.44626763,0.36960569,0.48500085
S2860,0.32097144,0.65022528,0.53786794
S2861,0.83055117,0.35921651,0.69243905
S2862,0.21305306,0.40949747,0.65035421
S2863,0.90319511,0.49773916,0.51505973
S2864,0.75250155,0.30489354,0.50345716
S2865,0.59127584,0.43671736,0.25896988
S2866,0.68341902,0.33354431,0.30166620
S2867,0.67147379,0.31712790,0.31367343
S2868,0.69210530,0.33120076,0.78572332
S2869,0.27256658,0.51781017,0.66018961
S2870,0.75751805,0.17365145,0.51431770
S2871,0.28552964,0.78520454,0.46764945
S2872,0.52685804,0.70359420,0.24887814
S2873,0.59730856,0.51628645,0.60024855
S2874,0.32151524,0.53780704,0.53071493
S2875,0.52220850,0.33257119,0.40176801
S2876,0.73577855,0.42366401,0.66599595
S2877,0.70543652,0.51337948,0.54836015
S2878,0.60794470,0.29104617,0.55590378
S2879,0.61577631,0.36411656,0.46440681
S2880,0.86642898,0.55186260,0.35253747
S2881,0.63361642,0.59309963,0.40880722
S2882,0.44799084,0.49259025,0.63277345
S2883,0.64294620,0.49303636,0.56530464
S2884,0.70158357,0.49274224,0.57267413
S2885,0.37183533,0.75448798,0.65847280
S2886,0.59024378,0.71544832,0.51606080
S2887,0.41516975,0.80652966,0.22535955
S2888,0.70270287,0.16808581,0.61856708
S2889,0.46819689,0.72792083,0.40173005
S2890,0.61063125,0.48734439,0.65472528
S2891,0.59584798,0.27347014,0.48864102
S2892,0.60370679,0.40399256,0.40798110
S2893,0.73787352,0.39936865,0.51188641
S2894,0.34674069,0.50658707,0.44911035
S2895,0.73018201,0.27387236,0.52178975
S2896,0.89002550,0.27390353,0.67745477
S2897,0.65751524,0.34199436,0.41237475
S2898,0.46422710,0.67695754,0.19046628
S2899,0.44375532,0.30165842,0.52216357
S2900,0.66504633,0.62173237,0.54785808
S2901,0.39234432,0.55186160,0.42412248
S2902,0.19894607,0.56335511,0.37870598
S2903,0.75066743,0.35944565,0.58979923
S2904,0.75079141,0.43867260,0.81561869
S2905,0.46411723,0.49376227,0.64844901
S2906,0.27271575,0.55708064,0.19048561
S2907,0.26189786,0.38079283,0.28217502
S2908,0.77258985,0.27364785,0.42692703
S2909,0.48139799,0.52526450,0.63654175
S2910,0.43926916,0.48055790,0.79466612
S2911,0.59914529,0.65846365,0.52417028
S2912,0.36149460,0.33892503,0.43676570
S2913,0.66809441,0.40279372,0.42119845
S2914,0.65636049,0.41457274,0.52279594
S2915,0.59642410,0.49338784,0.52321243
S2916,0.23234259,0.42755349,0.58201037
S2917,0.41489613,0.41944567,0.49868015
S2918,0.38988901,0.54327146,0.56106678
S2919,0.68090435,0.20825992,0.74209126
S2920,0.35763862,0.39753660,0.65889999
S2921,0.68122101,0.37167100,0.62875874
S2922,0.39848145,0.45997638,0.52657931
S2923,0.64611735,0.61053927,0.40113520
S2924,0.68821320,0.46738364,0.53473285
S2925,0.77047801,0.41350282,0.61122195
S2926,0.63758982,0.41565068,0.65108925
S2927,0.38243894,0.35519847,0.52554478
S2928,0.61279141,0.59803489,0.43717712
S2929,0.37537063,0.63377340,0.32422997
S2930,0.46343367,0.37209281,0.59579544
S2931,0.49991662,0.65108422,0.29546681
S2932,0.81278781,0.48359752,0.62491823
S2933,0.47579276,0.42801658,0.62529339
S2934,0.35481136,0.57740504,0.35538677
S2935,0.52467607,0.44353455,0.23458493
S2936,0.47815398,0.39752250,0.55804688
S2937,0.63213563,0.38779554,0.31212929
S2938,0.49565520,0.39442175,0.18879555
S2939,0.57313802,0.46378514,0.62134365
S2940,0.38968025,0.52921601,0.52037970
S2941,0.63460745,0.44508124,0.46095239
S2942,0.50546573,0.32907590,0.52503318
S2943,0.70928009,0.52555976,0.34974359
S2944,0.44192634,0.63322674,0.53376877
S2945,0.53468482,0.50434773,0.10200113
S2946,0.67728902,0.66506941,0.65023468
S2947,0.59387257,0.61291688,0.45345713
S2948,0.50117518,0.56610544,0.77133937
S2949,0.63607471,0.41154162,0.67529000
S2950,0.41955074,0.59171006,0.63179640
S2951,0.60353424,0.48221347,0.48661402
S2952,0.47171843,0.28244028,0.33231919
S2953,0.73463576,0.36872508,0.85253249
S2954,0.49630318,0.36797553,0.39263583
S2955,0.83828632,0.10005436,0.59572034
S2956,0.65342534,0.61885404,0.70057061
S2957,0.66781490,0.30545645,0.75257313
S2958,0.86760407,0.53134052,0.60868647
S2959,0.49292034,0.43092778,0.42196465
S2960,0.49772181,0.50546821,0.67738710
S2961,0.73161077,0.46612148,0.88558771
S2962,0.62417357,0.40307852,0.61431379
S2963,0.75234039,0.46485436,0.84350001
S2964,0.65834297,0.56803127,0.76592226
S2965,0.80990083,0.53060634,0.88065588
S2966,0.60999044,0.67780896,0.56302234
S2967,0.53729718,0.53539482,0.60672303
S2968,0.80932572,0.37191801,0.62170048
S2969,0.50777561,0.52151689,0.65990344
S2970,0.13765427,0.85517514,0.46103345
S2971,0.59689689,0.56653415,0.49011883
S2972,0.46523775,0.49152867,0.42232856
S2973,0.76799871,0.27102736,0.64957030
S2974,0.56702640,0.64479537,0.46743243
S2975,0.42974200,0.75145511,0.32778768
S2976,0.74505531,0.42433136,0.77681434
S2977,0.35902259,0.66611767,0.58044482
S2978,0.62495453,0.22559112,0.51458060
S2979,0.59675027,0.00393409,0.55925016
S2980,0.48067756,0.69942927,0.71223938
S2981,0.65991976,0.35737138,0.52268403
S2982,0.36409537,0.54033036,0.55609960
S2983,0.76083496,0.44659065,0.40238020
S2984,0.85246176,0.14470640,0.55574388
S2985,0.80688989,0.27134607,0.65007520
S2986,0.62802157,0.33533851,0.40831220
S2987,0.71305844,0.40456813,0.67564193
S2988,0.88068338,0.12252150,0.89797059
S2989,0.96189301,0.08381794,0.87624047
S2990,0.79984575,0.65959177,0.50360497
S2991,0.71074256,0.61157229,0.46740566
S2992,0.61688304,0.38279474,0.72062439
S2993,0.66319459,0.40249475,0.77353882
S2994,0.70068806,0.21290048,0.80131033
S2995,0.66429861,0.55572092,0.59856815
S2996,0.45065473,0.65681317,0.50074507
S2997,0.36300036,0.61002660,0.32844436
S2998,0.50485795,0.35222698,0.57499951
S2999,0.41182609,0.89499220,0.26095533
S3000,0.74588894,0.34512681,0.48189664
S3001,0.30679043,0.43900211,0.48517507
S3002,0.98114470,0.45306466,0.54659728
S3003,0.81528325,0.45375610,0.89277560
S3004,0.49943777,0.79284095,0.58848735
S3005,0.78175219,0.23439996,0.70834522
S3006,0.57783977,0.62940939,0.22223519
S3007,0.68047040,0.37532466,0.57047276
S3008,0.73554358,0.33064994,0.71134770
S3009,0.34062174,0.61660791,0.44277135
S3010,0.33433567,0.54283434,0.59181945
S3011,0.50122789,0.41928971,0.63252474
S3012,0.69742076,0.35712214,0.49376886
S3013,0.63262054,0.35767484,0.40325281
S3014,0.54002923,0.49400287,0.38894546
S3015,0.46852999,0.49269414,0.36495407
S3016,0.41628398,0.73162952,0.50379373
S3017,0.58907632,0.93992148,0.67267252
S3018,0.73860899,0.37210277,0.80857556
S3019,0.48279968,0.50902159,0.42500214
S3020,0.68857676,0.41080949,0.37516733
S3021,0.93709497,0.22241379,0.55888037
S3022,1.00000000,0.19744330,0.57074052
S3023,0.38550306,0.36276703,0.55177257
S3024,0.66049288,0.71843552,0.31320583
S3025,0.61878317,0.46360902,0.49892843
S3026,0.82110750,0.28353948,0.53553803
S3027,0.63645777,0.30828289,0.63387536
S3028,0.58707734,0.48153418,0.58252734
S3029,0.56573932,0.68136467,0.47034612
S3030,0.49821927,0.62805549,0.36443008
S3031,0.46896928,0.47776838,0.64296361
S3032,0.44256917,0.64600200,0.46892744
S3033,0.69434103,0.47451724,0.56535974
S3034,0.71279345,0.50217520,0.73698951
S3035,0.46593410,0.59290296,0.57736033
S3036,0.73875066,0.58636021,0.41530023
S3037,0.18987863,0.64743076,0.61401696
S3038,0.68052577,0.57328548,0.50640599
S3039,0.53057333,0.42928845,0.42179896
S3040,0.64030617,0.52624370,0.40267997
S3041,0.54662204,0.37713973,0.57299756
S3042,0.46947048,0.76152305,0.88068281
S3043,0.54583506,0.62831203,0.24850813
S3044,0.32805113,0.62950773,0.35990321
S3045,0.69360304,0.42413703,0.79013292
S3046,0.48043225,0.49947323,0.54269284
S3047,0.86894199,0.39009082,0.50093429
S3048,0.52402607,0.57095718,0.38268508
S3049,0.80315124,0.24581128,1.00000000
S3050,0.72654184,0.12394104,0.52414405
S3051,0.65917246,0.48288680,0.36253742
S3052,0.54045235,0.75657968,0.64278245
S3053,0.62869379,0.57977643,0.54244251
S3054,0.63911848,0.39706332,0.47614535
S3055,0.61655080,0.27528185,0.52209395
S3056,0.69132071,0.59261730,0.55752548
S3057,0.45843554,0.60977300,0.41727357
S3058,0.49976804,0.62860212,0.32677960
S3059,0.86368722,0.39507541,0.42576928
S3060,0.63755066,0.60066575,0.61794673
S3061,0.59533146,0.56185436,0.71276813
S3062,0.53012397,0.55886592,0.81409524
S3063,0.63474287,0.33571364,0.64972138
S3064,0.61687835,0.25988922,0.47561875
S3065,0.47833398,0.68136798,0.55598151
S3066,0.42015350,0.82969415,0.43333734
S3067,0.79575369,0.31921888,0.46508200
S3068,0.54232764,0.52335408,0.23989613
S3069,0.74475254,0.52467843,0.50272877
S3070,0.54726421,0.63513273,0.61119013
S3071,0.44871880,0.59257280,0.29173863
S3072,0.33215084,0.32520857,0.75978601
S3073,0.50849938,0.66862409,0.48535943
S3074,0.38573185,0.38465686,0.50326863
S3075,0.72770591,0.38539266,0.75883815
S3076,0.67110439,0.34630537,0.41880719
S3077,0.51938092,0.63913142,0.78158796
S3078,0.48164485,0.61802173,0.38570727
S3079,0.32926648,0.35098848,0.54497936
S3080,0.66736954,0.28040164,0.68338659
S3081,0.62920916,0.44138311,0.63016868
S3082,0.76192281,0.03813881,0.72060465
S3083,0.66694510,0.36203083,0.61869522
S3084,0.35245123,0.61568785,0.14710862
S3085,0.64076920,0.49301067,0.40066446
S3086,0.74677538,0.15243216,0.60672323
S3087,0.39511220,0.77200389,0.28615734
S3088,0.58643879,0.72786215,0.49228612
S3089,0.58329208,0.31149990,0.26953058
S3090,0.74047887,0.31957773,0.48192294
S3091,0.68937879,0.59128451,0.44780735
S3092,0.76610146,0.26810901,0.83267593
S3093,0.47428414,0.39915477,0.75407471
S3094,0.68440442,0.57130157,0.50985862
S3095,0.81936955,0.14090527,1.00000000
S3096,0.77549038,0.33957917,0.59637961
S3097,0.55986337,0.76422236,0.69002375
S3098,0.62037865,0.56640639,0.35369931
S3099,0.80963463,0.48628684,0.48681076
S3100,0.30211985,0.54195112,0.38787022
S3101,0.63741619,0.53420240,0.40177820
S3102,0.63149052,0.34571876,0.81185114
S3103,0.47048037,0.62109589,0.47137572
S3104,0.74535518,0.31861752,0.76910871
S3105,0.50041396,0.61054785,0.36740596
S3106,0.57475158,0.32177604,0.57081258
S3107,0.75934037,0.25159919,0.47546562
S3108,0.79046132,0.50096255,0.54297167
S3109,0.64231511,0.47442941,0.41869666
S3110,0.67250311,0.56319418,0.92092232
S3111,0.57138631,0.60023230,0.54393712
S3112,0.51440985,0.40531753,0.42763513
S3113,0.81026884,0.37326033,0.53637724
S3114,0.70491111,0.54406935,0.61412028
S3115,0.72929312,0.24905346,0.51176092
S3116,0.50315702,0.45664987,0.64473079
S3117,0.28887505,0.20772570,0.34309299
S3118,0.59635883,0.60272653,0.23139047
S3119,0.63139068,0.60273426,0.33711368
S3120,0.75572899,0.39800738,0.43513017
S3121,0.28488740,0.55267732,0.74858194
S3122,0.36894727,0.64438375,0.46641307
S3123,0.37704769,0.26346011,0.67803926
S3124,0.61434498,0.58073934,0.61739560
S3125,0.70815055,0.41467113,0.37716240
S3126,0.62567562,0.47994501,0.50883770
S3127,0.99766644,0.58508655,0.62749702
S3128,0.81992117,0.45194621,0.83610583
S3129,0.45281304,0.56410959,0.46046014
S3130,0.38232433,0.48101095,0.62015292
S3131,0.36765994,0.50799723,0.55282036
S3132,0.25938484,0.42257414,0.53332956
S3133,0.82220030,0.36709137,0.91638978
S3134,0.43625158,0.72792657,0.78472434
S3135,0.50837559,0.64321550,0.59415976
S3136,1.00000000,0.46964517,0.34161016
S3137,0.70920710,0.58227905,0.53167170
S3138,0.76720851,0.24822362,0.64660647
S3139,0.66401039,0.35148728,0.49675176
S3140,0.61273253,0.42024524,0.48659491
S3141,0.64600334,0.32322459,0.45704941
S3142,0.62764728,0.47180927,0.44218887
S3143,0.83895678,0.31338515,0.54971764
S3144,0.58603830,0.57380552,0.51127607
S3145,0.38076211,0.60799182,0.44362355
S3146,0.67832430,0.67632516,0.63537212
S3147,0.62377376,0.54558086,0.61018765
S3148,0.70001442,0.46537707,0.70012960
S3149,0.44952910,0.65529379,0.44188571
S3150,0.46167502,0.69633556,0.38338628
S3151,1.00000000,0.28249344,0.75583021
S3152,0.78005982,0.43087970,0.71226127
S3153,0.35149680,0.62116774,0.37044092
S3154,0.72001290,0.22128313,0.70547091
S3155,0.36030445,0.55028257,0.36119837
S3156,0.56279913,0.47731261,0.75391419
S3157,0.30199059,0.52160848,0.65232294
S3158,0.59118542,0.39897004,0.26857990
S3159,0.46713114,0.26178848,0.80506806
S3160,0.71161986,0.43969389,0.45913670
S3161,0.73879183,0.41976372,0.55704771
S3162,0.47109574,0.77380790,0.47013931
S3163,0.57695918,0.44815438,0.48651976
S3164,0.47002480,0.49239508,0.50752597
S3165,0.70564790,0.37718803,0.72974585
S3166,1.00000000,0.52125989,0.79658110
S3167,0.39942850,0.96959869,0.35978147
S3168,0.61085635,0.44333638,0.55041127
S3169,0.49855366,0.32374254,0.64237965
S3170,0.71750171,0.28601989,0.69372700
S3171,0.41174564,0.69123416,0.60171521
S3172,0.18245101,0.52149326,0.50568216
S3173,0.41839001,0.31195837,0.65425468
S3174,0.39666234,0.90686028,0.34948291
S3175,0.74040186,0.26789602,0.58942133
S3176,0.81878514,0.33271215,0.89453895
S3177,0.35622385,0.38927853,0.27834910
S3178,0.65430528,0.51352093,0.48310333
S3179,0.78807003,0.57095499,0.71587094
S3180,1.00000000,0.48409479,0.74713097
S3181,0.56684106,0.58706327,0.60578474
S3182,0.43336534,0.50367661,0.60568076
S3183,0.44666613,0.31539841,0.67581847
S3184,0.39330260,0.59936345,0.60549614
S3185,0.75346663,0.33547609,0.71454735
S3186,0.48686913,0.54260551,0.52047938
S3187,0.97977965,0.34536203,0.62604900
S3188,0.90094668,0.39583647,0.53771372
S3189,0.50092182,0.50323676,0.29393980
S3190,0.67990800,0.19769586,0.85056668
S3191,0.72769940,0.44859381,0.50990807
S3192,0.69766789,0.56399750,0.60760522
S3193,0.62696523,0.35967775,0.58942502
S3194,0.78213716,0.34321891,0.65002985
S3195,0.58622027,0.63012402,0.36173580
S3196,0.57139313,0.71922701,0.74891387
S3197,0.61214406,0.50488432,0.58821572
S3198,1.00000000,0.21370351,0.53302623
S3199,0.35253428,0.57682536,0.62003618
S3200,0.61051525,0.60308256,0.40796889
S3201,0.74719837,0.20791817,0.53384461
S3202,0.60995755,0.48256335,0.69316113
S3203,0.59823653,0.36969058,0.53511211
S3204,0.39377371,0.76587819,0.03733534
S3205,0.97878335,0.40487716,0.38897918
S3206,0.95293782,0.16065765,0.68520406
S3207,0.77180435,0.48207172,0.67930827
S3208,0.60630954,0.46938492,0.51614273
S3209,0.68844937,0.24380320,0.55732932
S3210,0.46096454,0.53168759,0.50170996
S3211,0.60979561,0.45983441,0.36348436
S3212,0.61907377,0.49709189,0.28165428
S3213,0.66000183,0.41618810,0.70340330
S3214,0.70027734,0.35038888,0.57035223
S3215,0.72258879,0.29433387,0.68787622
S3216,0.59119401,0.33091909,0.58701181
S3217,0.51034616,0.55312445,0.29576081
S3218,0.63974441,0.34819299,0.67504638
S3219,0.47455287,0.57638471,0.64146321
S3220,0.21679771,0.36321561,0.16423434
S3221,0.30287534,0.60748979,0.63172731
S3222,0.93635715,0.48913829,0.77536856
S3223,0.76216569,0.47718466,0.75512078
S3224,0.70504337,0.22064772,0.69803077
S3225,0.59636605,0.49580822,0.40611079
S3226,0.79831464,0.26943131,0.60968363
S3227,0.56950739,0.41820628,0.35046255
S3228,0.72556199,0.65686601,0.53497271
S3229,0.65704070,0.56695405,0.67929913
S3230,0.56866668,0.93235139,0.44456586
S3231,0.70190593,0.63557576,0.49616027
S3232,0.28129042,0.38910613,0.43857716
S3233,0.68144898,0.33499791,0.40591287
S3234,0.44714745,0.84176291,0.33228049
S3235,0.44388660,0.39682855,0.85912668
S3236,0.31647449,0.60702620,0.35741675
S3237,0.64893892,0.69697406,0.42028290
S3238,0.71091148,0.44887974,0.55533227
S3239,0.72644009,0.43523807,0.86410835
S3240,0.66165189,0.37662279,0.65464705
S3241,0.43093689,0.33927376,0.44943339
S3242,0.70489202,0.35790530,0.85248699
S3243,0.76685476,0.57149187,0.43696017
S3244,0.32130420,0.52795161,0.44320752
S3245,0.51363452,0.45608423,0.62364150
S3246,0.45838424,0.58108445,0.67139797
S3247,0.61435033,0.57800822,0.09924753
S3248,0.28237976,0.93470992,0.43208840
S3249,0.41583767,0.47810838,0.45157397
S3250,0.56404700,0.40404010,0.52440445
S3251,0.46176653,0.49275958,0.66240221
S3252,0.62349833,0.20545790,0.65519543
S3253,0.78360789,0.57207757,0.80812643
S3254,0.32484782,0.68586769,0.32535341
S3255,0.97882009,0.54181939,0.73964511
S3256,0.80002619,0.48031799,0.63376653
S3257,0.48628084,0.40139147,0.53306887
S3258,0.17404857,0.82277308,0.26160194
S3259,0.56001507,0.37634827,0.54430801
S3260,0.75143085,0.53574784,0.58962796
S3261,0.56620048,0.43650744,0.45102640
S3262,0.70684377,0.20252942,0.35209270
S3263,0.48106037,0.45467993,0.49948769
S3264,0.53946624,0.66952035,0.57472783
S3265,0.38064144,0.75098837,0.71925087
S3266,0.73963504,0.36455997,0.90780660
S3267,0.61270045,0.26660577,0.53607004
S3268,0.59011993,0.44889153,0.27541518
S3269,0.65067907,0.45050274,0.73824232
S3270,0.88510033,0.45214139,0.72022968
S3271,0.68513110,0.49444987,0.60259726
S3272,0.38792388,0.59648979,0.29631988
S3273,0.77603261,0.62508258,0.55658870
S3274,0.72207565,0.60086903,0.51555082
S3275,0.74825368,0.42867013,0.60966753
S3276,0.32763046,0.82653501,0.51778131
S3277,0.44619887,0.30205612,0.46137393
S3278,0.59837705,0.49615286,0.53819292
S3279,0.61461414,0.23882403,0.94322582
S3280,0.34326586,0.54132090,0.44504218
S3281,0.41662207,0.44343526,0.71743398
S3282,0.84603357,0.44052393,0.55974674
S3283,0.47583458,0.21592071,0.76181540
S3284,0.55311165,0.37607779,0.23089135
S3285,0.71017847,0.51294075,0.56467694
S3286,0.73062668,0.00304908,0.74067008
S3287,0.65805868,0.60090910,0.68763804
S3288,0.17689558,0.67428274,0.57402337
S3289,0.35884797,0.67556613,0.20728533
S3290,0.47253219,0.74885176,0.65573615
S3291,0.51224976,0.54763548,0.70719796
S3292,0.79894746,0.39172504,0.68945080
S3293,0.65590836,0.46150616,0.64895533
S3294,0.43575469,0.88608955,0.33166288
S3295,0.92044097,0.42814165,0.66777146
S3296,0.59196791,0.48772335,0.62154402
S3297,0.46867381,0.31717244,0.67796672
S3298,0.67072079,0.50149647,0.51791144
S3299,0.83744186,0.59884190,0.68012887
S3300,0.79478649,0.11195036,0.68851256
S3301,0.42269461,0.79134819,0.42029808
S3302,0.74052729,0.32429256,0.77317165
S3303,0.93675094,0.41362532,0.46435828
S3304,0.61936925,0.28304264,0.49608853
S3305,0.93398091,0.29216617,0.85225032
S3306,0.38673670,0.82855968,0.65693747
S3307,0.52296969,0.75199055,0.49221469
S3308,0.29487018,0.57371730,0.30981170
S3309,0.55520728,0.25416974,0.68200793
S3310,0.51222514,0.55373136,0.37835791
S3311,0.54309441,0.56678241,0.64031847
S3312,0.51134883,0.98433180,0.46484940
S3313,0.59301772,0.36405154,0.66847169
S3314,0.34998979,0.50281929,0.63899687
S3315,0.78680764,0.34572405,0.72825872
S3316,0.56574305,0.51906022,0.72345708
S3317,0.25133277,0.39149633,0.49783577
S3318,0.60870873,0.68060455,0.37289101
S3319,0.47625481,0.55388054,0.39958076
S3320,0.50042448,0.50112031,0.45191659
S3321,0.84956361,0.27821687,0.50730970
S3322,0.55729322,0.48156637,0.48143438
S3323,0.46456562,0.33742840,0.73408102
S3324,0.72917259,0.37230301,0.70557201
S3325,0.69599891,0.49646474,0.64860314
S3326,0.62039096,0.63529048,0.42957341
S3327,0.81936916,0.28311930,0.76308911
S3328,0.81356162,0.40736708,0.55127815
S3329,0.65934650,0.42238779,0.68603504
S3330,0.91164454,0.32086909,0.98791957
S3331,0.74604102,0.53419184,0.62965623
S3332,0.60684254,0.49281129,0.55484101
S3333,0.31087182,0.76056573,0.56890154
S3334,0.46629429,0.56315378,0.54482054
S3335,0.54044015,0.49620598,0.59963837
S3336,0.68957310,0.50480480,0.56731103
S3337,0.63010089,0.80784767,0.37480001
S3338,0.55855572,0.43307251,0.60144189
S3339,0.70459949,0.54804470,0.62684735
S3340,0.31906262,0.88854108,0.28532874
S3341,0.52179850,0.40183867,0.74278892
S3342,0.38243973,0.53423114,0.59163717
S3343,0.92036892,0.33146335,0.69436459
S3344,0.55987966,0.58071515,0.56536339
S3345,0.59484128,0.36209007,0.82104928
S3346,0.77177476,0.30420573,0.56497559
S3347,0.93818685,0.19806086,0.50827529
S3348,0.36922286,0.53084283,0.55318288
S3349,0.36612133,0.57962400,0.68952322
S3350,0.34066149,0.19045264,0.50458784
S3351,0.37296196,0.66321191,0.47216548
S3352,0.36121751,0.67043488,0.82143053
S3353,0.65263203,0.50548077,0.71023761
S3354,0.60822844,0.41803214,0.74644997
S3355,0.71564014,0.75636387,0.48280804
S3356,0.56831347,0.41931867,0.47595824
S3357,1.00000000,0.24924540,0.41007361
S3358,0.53158330,0.77883051,0.68637759
S3359,0.50390278,0.43821310,0.53116900
S3360,0.70188400,0.20409777,0.58465325
S3361,0.61427447,0.53508419,0.37210482
S3362,0.54462491,0.70936978,0.42746782
S3363,0.54129925,0.23456650,0.87255550
S3364,0.51849782,0.42282181,0.55272601
S3365,0.80621869,0.36475369,0.64907628
S3366,0.44139474,0.72317878,0.44538375
S3367,0.71231176,0.51693703,0.77146935
S3368,0.55940690,0.43875734,0.59811856
S3369,0.72907155,0.25104760,0.71822621
S3370,0.82063071,0.26928006,0.51597295
S3371,0.85461372,0.35641280,0.67081879
S3372,0.81568353,0.55098717,0.59401041
S3373,0.66254432,0.30528957,0.52937294
S3374,0.29212490,0.58208285,0.48576526
S3375,0.77471321,0.37099216,0.63325798
S3376,0.71439361,0.37570298,0.43916715
S3377,0.63278913,0.49119040,0.41415556
S3378,0.77162685,0.18248539,0.56943826
S3379,0.74405227,0.49741735,0.80256778
S3380,0.61962280,0.32909531,0.50814922
S3381,0.51429114,0.17688069,0.44578238
S3382,0.82995745,0.35045553,0.81264008
S3383,0.61415820,0.65258627,0.51020413
S3384,0.81536082,0.70630544,0.59633536
S3385,0.83162570,0.20717961,0.77546839
S3386,0.59277439,0.51996607,0.70323059
S3387,0.88221153,0.27822284,0.45065062
S3388,0.85133248,0.36127452,0.81707123
S3389,0.61039879,0.51012022,0.54004516
S3390,0.54225828,0.68328352,0.54237413
S3391,0.38482782,0.53113178,0.30113261
S3392,0.81737771,0.55263509,0.55712212
S3393,0.79037811,0.66676128,0.56651121
S3394,0.55721223,0.56003221,0.38014768
S3395,0.71867226,0.40893292,0.49108365
S3396,0.59149468,0.45817319,0.53974184
S3397,0.53357707,0.59999296,0.77883125
S3398,0.71864341,0.51147261,0.69661094
S3399,0.65377749,0.14686483,0.62553495
S3400,0.47629864,0.40823696,0.56859482
S3401,0.58871468,0.80418823,0.61675173
S3402,0.21697134,0.82260347,0.55452915
S3403,0.72417008,0.35139948,0.33626576
S3404,0.77343039,0.34823791,0.76888398
S3405,0.52132223,0.38624160,0.38466704
S3406,0.43429463,0.60379586,0.55728371
S3407,0.67433156,0.63896639,0.27399234
S3408,0.80306924,0.22301538,0.77886807
S3409,0.66027864,0.17701642,0.61160736
S3410,0.64980853,0.50446659,0.51479858
S3411,0.74049111,0.43793461,0.76159041
S3412,0.56612445,0.35535539,0.53792948
S3413,0.51175905,0.38835182,0.46325715
S3414,0.66226064,0.39724618,0.70185427
S3415,0.50114314,0.69618750,0.51060864
S3416,0.90134268,0.39035759,0.46031912
S3417,0.87477594,0.56391086,0.49932633
S3418,0.33532038,0.66985236,0.65010338
S3419,0.56615870,0.66322028,0.61098394
S3420,0.60702738,0.37943629,0.61057999
S3421,0.62750544,0.57684977,0.35241193
S3422,0.71841911,0.29349325,0.57532871
S3423,0.83754447,0.40585076,0.57566778
S3424,0.64743054,0.69582878,0.69105130
S3425,0.54055275,0.82545226,0.35203429
S3426,0.71641742,0.32787500,0.59081789
S3427,0.74602709,0.62411598,0.43131703
S3428,0.63150257,0.84474682,0.67828497
S3429,0.66672038,0.39895481,0.71966047
S3430,0.54134789,0.73255691,0.29056150
S3431,0.49811597,0.44058837,0.39923436
S3432,0.85718332,0.56897470,0.53106809
S3433,0.39284007,0.57489476,0.68212313
S3434,0.71357892,0.37959801,0.63393249
S3435,0.58707461,0.42794198,0.52714377
S3436,0.60142270,0.60284944,0.67717236
S3437,0.67904859,0.47256632,0.60703139
S3438,0.67093576,0.66346076,0.29508828
S3439,0.42037140,0.55129837,0.38886706
S3440,0.40456487,0.40452183,0.48774099
S3441,0.51863214,0.42475067,0.70392121
S3442,0.50730017,0.50421406,0.52622514
S3443,0.62455085,0.66653195,0.42456719
S3444,0.53023055,0.52623816,0.49612379
S3445,0.47951865,0.40213854,0.17289467
S3446,0.70210740,0.54017356,0.51917030
S3447,0.69481289,0.64830198,0.51398562
S3448,0.63069694,0.54714039,0.54792939
S3449,0.63516206,0.35109935,0.71673708
S3450,0.51329879,0.41966625,0.55717000
S3451,0.21256519,0.64335933,0.38989263
S3452,0.37923943,0.61752305,0.33581939
S3453,0.46027516,0.39765503,0.59009398
S3454,0.61534091,0.43373620,0.54696681
S3455,0.76143869,0.43510051,0.67380834
S3456,0.57390183,0.40667719,0.52896773
S3457,0.69666196,0.79183378,0.40269895
S3458,0.78184455,0.20093386,0.65717764
S3459,0.58625560,0.52134197,0.65783831
S3460,0.70682156,0.48978580,0.64345074
S3461,0.92491496,0.48054149,0.70780202
S3462,0.62191179,0.69573447,0.44526347
S3463,0.70279936,0.74912698,0.40395470
S3464,0.61028288,0.60239146,0.55534339
S3465,0.50303074,0.70014048,0.44776943
S3466,0.23318151,0.40927238,0.25671503
S3467,0.26155278,0.30970303,0.56073948
S3468,0.38370072,0.35790309,0.65579336
S3469,0.48076748,0.29503210,0.25218122
S3470,0.44888970,0.31632639,0.44093617
S3471,0.52623798,0.69004263,0.64836951
S3472,0.47784931,0.46932607,0.56672880
S3473,0.43240081,0.43810394,0.57893253
S3474,0.53882868,0.54857121,0.66842850
S3475,0.87956866,0.41748991,0.77982675
S3476,0.42921628,0.73311773,0.32846868
S3477,0.52913135,0.69075996,0.49491160
S3478,0.58342282,0.54797787,0.44822290
S3479,0.62329746,0.57505366,0.67061117
S3480,0.56918419,0.52200474,0.58906576
S3481,0.63719403,0.47807431,0.37512586
S3482,0.48385168,0.45911245,0.68021162
S3483,0.36731026,0.69841219,0.53173268
S3484,0.07185006,0.44070523,0.52669050
S3485,0.64256760,0.40631842,0.57738648
S3486,0.32756510,0.66010122,0.62758689
S3487,0.66744136,0.34872490,0.49289918
S3488,0.79247667,0.26049527,0.31405530
S3489,0.77107537,0.36080195,0.87768772
S3490,0.16025058,0.49778457,0.31099834
S3491,0.12805210,0.83572215,0.32630899
S3492,0.41846598,0.37340072,0.77349875
S3493,0.73816468,0.02606623,0.91826689
S3494,0.62577497,0.50378038,0.37786596
S3495,0.98800172,0.25797089,0.45506115
S3496,0.61776323,0.56165865,0.55608564
S3497,0.47386241,0.38264315,0.57761312
S3498,0.66908305,0.45256453,0.85573585
S3499,0.55361768,0.38406009,0.41375952
S3500,0.48042617,0.41738466,0.60078962
S3501,0.56199456,0.39009603,0.37509119
S3502,0.60482969,0.77469302,0.67001117
S3503,0.71907476,0.43430271,0.44161079
S3504,0.71089314,0.38083041,0.39327663
S3505,0.57087531,0.31214950,0.61438178
S3506,0.55154148,0.59821826,0.47061518
S3507,0.79746811,0.24703999,0.77965981
S3508,0.51460516,0.52550829,0.73035220
S3509,0.45694402,0.57813382,0.66389245
S3510,0.62551970,0.49654311,0.70979576
S3511,0.55608972,0.53219158,0.37039717
S3512,0.58567351,0.33788628,0.65632159
S3513,0.72633753,0.43971807,0.45666395
S3514,0.58967072,0.12579657,0.57060406
S3515,0.27027985,0.51290068,0.61841277
S3516,0.73418625,0.38725972,0.61198850
S3517,0.63366542,0.31588822,0.64993684
S3518,0.56836328,0.60981656,0.58585034
S3519,0.43224283,0.73759772,0.50826669
S3520,0.42868629,0.72710398,0.45952821
S3521,0.56694702,0.32267257,0.59242821
S3522,0.41785244,0.48598649,0.53121845
S3523,0.62558297,0.57490251,0.40371666
S3524,0.28691462,0.31124882,0.20747871
S3525,0.65206476,0.84776216,0.50139187
S3526,0.73721048,0.39972727,0.57550727
S3527,0.66537943,0.33445863,0.69204407
S3528,0.55190234,0.54558423,0.52253039
S3529,0.74846762,0.13151914,0.40526315
S3530,0.70399969,0.56262951,0.58665205
S3531,0.83568026,0.49086543,0.69222749
S3532,0.56804725,0.82193945,0.27645276
S3533,0.74055956,0.34032061,0.48827471
S3534,0.69018917,0.45974856,0.67746390
S3535,0.66828696,0.71913065,0.45696202
S3536,0.52868688,0.65035178,0.86666349
S3537,0.70986242,0.37725399,0.38509597
S3538,0.66761382,0.65858786,0.37995651
S3539,0.91702185,0.45041272,0.50505155
S3540,0.83896981,0.46171887,0.85247689
S3541,0.75532661,0.59563290,0.53208328
S3542,0.67615479,0.34939445,0.58842542
S3543,0.24009894,0.54520728,0.48886579
S3544,0.60589908,0.41550747,0.63326651
S3545,0.67149505,0.58459307,0.58738670
S3546,0.47553436,0.57176780,0.50335327
S3547,0.66455614,0.54929812,0.59811092
S3548,0.48893096,0.49901441,0.58286495
S3549,0.67967318,0.18586370,0.76373342
S3550,0.58932154,0.33739101,0.26719969
S3551,0.48630652,0.60495409,0.74273831
S3552,0.51726203,0.69769648,0.54072768
S3553,0.80752748,0.31550580,0.51155729
S3554,0.80238114,0.24254599,0.63279915
S3555,0.70895242,0.28313767,0.67047697
S3556,0.42324273,0.89074192,0.45906670
S3557,0.26263685,0.52319686,0.58105929
S3558,0.62422350,0.23579190,0.55753746
S3559,0.52973025,0.87166969,0.46835522
S3560,0.57224497,0.42907284,0.57478166
S3561,0.66502856,0.73362128,0.65884361
S3562,0.42267539,0.27172777,0.66906913
S3563,0.66334868,0.59077531,0.48462132
S3564,0.29372994,0.39063312,0.36277409
S3565,0.64946447,0.70583030,0.58372133
S3566,0.31546394,0.60215579,0.50189494
S3567,0.56064933,0.37911611,0.55280960
S3568,0.60653152,0.51704433,0.51817112
S3569,0.66046343,0.46186491,0.65382818
S3570,0.78072089,0.36079496,0.57393663
S3571,0.76378264,0.58475681,0.56553022
S3572,0.68400673,0.90819538,0.15791003
S3573,0.80425042,0.59581020,0.38320404
S3574,0.71764046,0.32383534,0.66611413
S3575,0.39326948,0.31607450,0.79603631
S3576,0.75629608,0.55723485,0.60957309
S3577,0.46931311,0.54180638,0.50956400
S3578,0.72309958,0.38059225,0.71199340
S3579,0.61571227,0.44699974,0.70065821
S3580,0.66818093,0.32600435,0.66664404
S3581,0.77248513,0.33435377,0.47835004
S3582,0.35526357,0.49630629,0.48909381
S3583,0.55213552,0.38710274,0.58551851
S3584,0.77403072,0.35078325,0.62224550
S3585,0.77080770,0.68377734,0.84653883
S3586,0.48948330,0.39889866,0.39429003
S3587,0.54622540,0.46191990,0.67083129
S3588,0.89299988,0.61071338,0.60286452
S3589,0.33326550,0.45297637,0.43507111
S3590,0.71610393,0.42091043,0.32643259
S3591,0.56257080,0.63288544,0.45086547
S3592,0.51748921,0.69733770,0.30909707
S3593,0.57588187,0.68336956,0.45762056
S3594,0.79991610,0.47232447,0.73107147
S3595,0.70139831,0.44358162,0.61823338
S3596,0.58572129,0.42834609,0.51297607
S3597,0.66500716,0.36234771,0.54473564
S3598,0.48252795,0.61372726,0.33272873
S3599,0.92155045,0.29440366,0.31379813
S3600,0.71098216,0.12922094,0.23802883
