sample_id,bile_acids,scfa,tryptophan_metabolism
S1,0.84865546,0.18853892,0.32539854
S2,0.46127122,0.45971671,0.42302356
S3,0.50880746,0.45426010,0.43969368
S4,0.69547952,0.31623851,0.60419919
S5,0.77514858,0.49167069,0.55236175
S6,0.56118622,0.75702218,0.33273520
S7,0.58476930,0.32181402,0.55359419
S8,0.87035407,0.21178378,0.75334184
S9,0.47154562,0.46457899,0.65311315
S10,0.67313334,0.76222549,0.71641188
S11,0.54705676,0.33020081,0.50427820
S12,0.57486863,0.52617880,0.00000000
S13,0.86990901,0.17003206,0.55815635
S14,0.58115280,0.38843280,0.47119456
S15,0.72794188,0.32263229,0.60252146
S16,0.53407657,0.54087100,0.38511053
S17,0.59540723,0.31451921,0.66649341
S18,0.80744912,0.64350480,0.49317712
S19,0.69154675,0.45846845,0.29028269
S20,0.72742912,0.39582407,0.41259757
S21,0.61748662,0.33039323,0.36375924
S22,0.51931680,0.43544167,0.42766142
S23,0.65733313,0.39113636,0.63899302
S24,0.52299642,0.55466911,0.76209135
S25,0.60334156,0.54268847,0.58757206
S26,0.71601474,0.37303595,0.67969366
S27,0.58606146,0.76970998,0.37985334
S28,0.76895996,0.39167933,0.63168447
S29,0.66620203,0.72309122,0.56572934
S30,0.95910269,0.41813287,0.61179922
S31,0.59621597,0.38394231,0.54059607
S32,0.80244752,0.48257714,0.70480092
S33,0.55299760,0.39116509,0.42328757
S34,0.75705089,0.61134319,0.95053813
S35,0.76537962,0.60000470,0.40659640
S36,0.46490012,0.82026359,0.67071679
S37,0.57221825,0.59656882,0.39848628
S38,0.48786366,0.24150433,0.64276270
S39,0.50837398,0.02097969,0.74256642
S40,0.28399275,0.72184407,0.37443806
S41,0.75251128,0.23873271,0.64454810
S42,0.38729530,0.60865278,0.36971729
S43,0.76637638,0.52828428,0.71528505
S44,0.59911336,0.50561379,0.63912958
S45,0.61558805,0.59148257,0.40947039
S46,0.54937335,0.59301797,0.28141173
S47,0.50433291,0.47340164,0.51429573
S48,0.63997494,0.23402776,0.74124344
S49,0.48868223,0.48296319,0.59462074
S50,0.55841805,0.53971960,0.38166179
S51,0.31913682,0.58042025,0.41147414
S52,0.84724745,0.42346506,0.70429585
S53,0.58556878,0.53023411,0.59873656
S54,0.72568231,0.60007137,0.69825521
S55,0.60019110,0.31925181,0.38957298
S56,0.47752654,0.36137855,0.49096851
S57,0.64430469,0.40892726,0.44689252
S58,0.89045309,0.35432242,0.73187912
S59,0.64715789,0.35845556,0.64089131
S60,0.51778119,0.58475882,0.53251046
S61,0.82516270,0.19159154,0.52460464
S62,0.74542847,0.55980895,0.50876256
S63,0.92974264,0.40876985,0.66141489
S64,0.56527201,0.30540608,0.45290939
S65,0.64823093,0.79311372,0.41618165
S66,0.84702507,0.36630848,0.43588439
S67,0.66423676,0.55319144,0.44456700
S68,0.63580153,0.42850058,0.43950171
S69,0.44843137,0.56149480,0.51354739
S70,0.57978876,0.68922618,0.54479293
S71,0.87836940,0.05858556,0.68499843
S72,0.49949338,0.43860708,0.47199408
S73,0.50662105,0.68187744,0.45307875
S74,0.59093947,0.73418666,0.21104441
S75,0.53893699,0.51757137,0.42398706
S76,0.57287639,0.23605901,0.47471783
S77,0.59517866,0.40989503,0.36371716
S78,0.56760254,0.75590030,0.38813006
S79,0.71218542,0.31540741,0.59627614
S80,0.55992558,0.38621909,0.55235601
S81,0.43646804,0.44016822,0.55130163
S82,0.76697586,0.35243298,0.69043639
S83,0.81419004,0.48927852,0.62322178
S84,0.57156178,0.62332765,0.36021439
S85,0.63568629,0.48100670,0.47281345
S86,0.55512568,0.65935441,0.70957215
S87,0.59937862,0.39496194,0.81867183
S88,0.52974059,0.23768047,0.41016565
S89,0.67132782,0.42571465,0.63929155
S90,0.73965130,0.42526637,0.67448387
S91,0.47822122,0.58129077,0.50229557
S92,0.42921772,0.63086672,0.49254380
S93,1.00000000,0.45497156,0.68035196
S94,0.50337658,0.52213792,0.68493885
S95,0.55656781,0.49466204,0.48978490
S96,0.45646126,0.59337157,0.08059573
S97,0.57733066,0.61512929,0.55182452
S98,0.62197646,0.41027666,0.61787772
S99,0.83325817,0.71542526,0.34562643
S100,0.62944606,0.46118966,0.35813925
S101,0.85711903,0.34080131,0.79896475
S102,0.44833041,0.40693126,0.39876761
S103,0.63569069,0.46533184,0.63949666
S104,0.40371607,0.58951376,0.54834013
S105,0.49893289,0.69331789,0.32005024
S106,0.59056032,0.62489705,0.67147962
S107,0.48604983,0.61131878,0.41389491
S108,0.55813015,0.54499619,0.78419009
S109,0.51237877,0.88523565,0.62199475
S110,0.70607126,0.70990839,0.56347655
S111,0.78832441,0.27521915,0.59982757
S112,0.87338512,0.69934515,0.60210655
S113,0.30194510,0.40858304,0.57059398
S114,0.60690266,0.42212039,0.74539494
S115,0.32293633,0.52307039,0.33692695
S116,0.53826310,0.57115586,0.57240578
S117,0.52823541,0.26393067,0.61259802
S118,0.73665400,0.25010781,0.66075381
S119,0.55120356,0.67593884,0.62262930
S120,0.88694123,0.48455044,0.68109261
S121,0.58729104,0.49305588,0.70376419
S122,0.56211003,0.46065158,0.55428369
S123,0.76970807,0.27682397,0.92460781
S124,0.29353569,0.78174206,0.61041741
S125,0.48272256,0.45009324,0.62856769
S126,0.58353143,0.63048018,0.44177737
S127,0.76763832,0.39006941,0.62057817
S128,0.70937280,0.65269759,0.62617399
S129,0.74113897,0.31993483,0.34774264
S130,0.52598851,0.69220211,0.48417087
S131,0.49591730,0.62684815,0.58812130
S132,0.65459197,0.69310583,0.65734915
S133,0.87905663,0.20547281,0.79580547
S134,0.58233093,0.18657067,0.84117346
S135,0.54134029,0.57296363,0.69007397
S136,0.70467576,0.53889418,0.57167697
S137,0.63533436,0.31340556,0.38068728
S138,0.65699896,0.43095165,0.18838073
S139,0.44955574,0.69410792,0.75486550
S140,0.56682840,0.61287241,0.35959406
S141,0.54483154,0.37043199,0.75389107
S142,0.56295398,0.64547736,0.74847611
S143,0.68501664,0.54655503,0.86150188
S144,0.81246219,0.21410026,0.41468608
S145,0.79509436,0.54919402,0.60335239
S146,0.46037537,0.69252575,0.32113951
S147,0.55337467,0.41444002,0.47883194
S148,0.46532747,0.61191292,0.58125327
S149,0.67583038,0.50441834,0.45743340
S150,0.58727309,0.34122892,0.69961773
S151,0.35235044,0.56170435,0.38738035
S152,0.36624421,0.48716312,0.66567433
S153,0.76276787,0.47620246,0.62308726
S154,0.46004179,0.60508562,0.41189471
S155,0.64611745,0.46276001,0.49555108
S156,0.58458279,0.50882798,0.36231535
S157,0.46080937,0.54261286,0.50434805
S158,0.49511671,0.66700212,0.36776312
S159,0.72359415,0.32761621,0.45763625
S160,0.62110977,0.62314344,0.51825557
S161,0.59082890,0.43958316,0.69129444
S162,0.57346544,0.39187224,0.37836379
S163,0.54101099,0.60800635,0.60431651
S164,0.47301337,0.29908169,0.75327958
S165,0.91851881,0.47756269,0.42124278
S166,0.51938459,0.40297897,0.45298671
S167,0.73440921,0.49905484,0.96035649
S168,0.66433090,0.50051609,0.65170265
S169,0.51035631,0.69961186,0.47593079
S170,0.76436024,0.64241774,0.31894896
S171,0.84845890,0.47970747,0.60345747
S172,0.87757834,0.26900903,0.90908941
S173,0.37404486,0.74222443,0.54491625
S174,0.40562069,0.78616850,0.71707123
S175,0.35797975,0.23607854,0.71883678
S176,0.76535710,0.49238488,0.79035238
S177,0.61439637,0.38486283,0.53179030
S178,0.60541537,0.46566874,0.37858587
S179,0.43339841,0.47894863,0.47390643
S180,0.72898884,0.28458817,0.63138216
S181,0.73969158,0.34750322,0.57615224
S182,0.49875180,0.47682701,0.55629252
S183,0.58974317,0.53419489,0.66886241
S184,0.57335748,0.49558449,0.58847630
S185,0.79706729,0.46545500,0.52668154
S186,0.55224130,0.49978297,0.43500672
S187,0.40409328,0.60532082,0.38120664
S188,0.45591019,0.62098721,0.17778386
S189,0.74947823,0.50150907,0.46186580
S190,0.57811482,0.58123812,0.38039125
S191,0.44272993,0.44955359,0.72931300
S192,0.77972671,0.29073120,0.69637207
S193,0.72689320,0.28737005,0.61205627
S194,0.38598555,0.43670408,0.42705103
S195,0.74820841,0.71209277,0.57534260
S196,0.82500662,0.35045145,0.66105991
S197,0.51455393,0.46710098,0.48191438
S198,0.62176071,0.67467631,0.52919050
S199,0.92416008,0.46514027,0.70436028
S200,0.67805554,0.32604637,0.45979045
S201,0.69403562,0.43647584,0.50003623
S202,0.48081568,0.59485473,0.68334886
S203,0.39122123,0.62452989,0.59521918
S204,0.46749255,0.24881816,0.55870990
S205,0.34186095,0.90210434,0.55516153
S206,0.65225773,0.35743064,0.48682572
S207,0.41274055,0.36938225,0.51644698
S208,0.36333976,0.35274478,0.54077129
S209,0.59101034,0.39486108,0.61230300
S210,0.82182453,0.31046543,0.56164697
S211,0.52097155,0.48971142,0.51472335
S212,0.83036084,0.50557009,0.47147090
S213,0.50881277,0.51426182,0.10158840
S214,0.44333779,0.46357508,0.47305762
S215,0.61233655,0.58402565,0.49511018
S216,0.82592086,0.23040390,0.52682482
S217,0.57862820,0.68571932,0.44345518
S218,0.48450604,0.61325452,0.57023316
S219,0.75072953,0.83997759,0.46939349
S220,0.65791420,0.60573701,0.71518157
S221,0.55934815,0.50786928,0.69524123
S222,0.58640115,0.57468149,0.58417751
S223,0.43124943,0.42255485,0.63683339
S224,0.69966595,0.32812519,0.80013436
S225,0.77642658,0.36343154,0.55315416
S226,0.50615179,0.59782063,0.53231780
S227,0.36606488,0.86808877,0.35963588
S228,0.63640468,0.50408719,0.46278490
S229,0.47542905,0.57823732,0.24168365
S230,0.61681972,0.58637606,0.45851889
S231,0.61926470,0.51802701,0.33621270
S232,0.69743061,0.43924128,0.75223441
S233,0.39528050,0.59856525,0.66241212
S234,0.57731181,0.57609328,0.47180123
S235,0.71543751,0.52354591,0.48188453
S236,0.27911698,0.54227200,0.46621907
S237,0.45869708,0.64947048,0.47226624
S238,0.54091441,0.86607997,0.28666820
S239,0.84887425,0.35987341,0.52839994
S240,0.55921520,0.44112287,0.82920929
S241,0.52065299,0.51692440,0.45538804
S242,0.53895931,0.42659936,0.66894487
S243,0.60326089,0.30519425,0.25008944
S244,0.71912509,0.44711668,0.61225954
S245,0.48294199,0.26470925,0.67340780
S246,0.25580780,0.55115992,0.43124491
S247,0.60398566,0.49402515,0.63782794
S248,0.56063138,0.20090405,0.44015587
S249,0.36420571,0.87027497,0.33842294
S250,0.53244878,0.61976919,0.45382170
S251,0.41048000,0.38426978,0.48523444
S252,0.32658229,0.43449692,0.49623977
S253,0.82412451,0.44257684,0.51846936
S254,0.56446767,0.41041849,0.58488576
S255,0.71504002,0.59593830,0.41364550
S256,0.67310996,0.20171478,0.66328568
S257,0.72944630,0.65546869,0.43776419
S258,0.55574746,0.34791662,0.51497282
S259,0.39650494,0.56243273,0.77295870
S260,0.56012866,0.37764383,0.64693012
S261,0.56327865,0.58509141,0.36690980
S262,0.73147736,0.51882651,0.47404265
S263,0.78985052,0.27683959,0.44505135
S264,0.72563731,0.42247699,0.58993206
S265,0.52025201,0.36287088,0.67268533
S266,0.57762490,0.82448510,0.64440929
S267,0.42104796,0.34896741,0.81724840
S268,0.66860750,0.56903157,0.65766953
S269,0.66237626,0.39374877,0.62460120
S270,0.48125208,0.64286685,0.63081857
S271,0.27752181,0.46424410,0.63650664
S272,0.68370937,0.50065814,0.46405991
S273,0.67668603,0.57102874,0.61567261
S274,0.58446129,0.46431323,0.51136374
S275,0.68810419,0.42443300,0.56830460
S276,0.58460809,0.34029587,0.38569237
S277,0.51565320,0.44267851,0.66255989
S278,0.55253891,0.31883371,0.57127389
S279,0.39002126,0.54626649,0.50451733
S280,0.84515927,0.35602658,0.70684848
S281,0.92173546,0.37712433,0.60247079
S282,0.50275808,0.58627010,0.66042246
S283,0.74883470,0.50607238,0.52964638
S284,0.44416540,0.64093981,0.44498127
S285,0.77544100,0.57942140,0.55163259
S286,0.67622773,0.39063966,0.57892195
S287,0.51992301,0.50384446,0.58273311
S288,0.77146519,0.47618446,0.46289482
S289,0.58757397,0.64842207,0.62057733
S290,0.46807594,0.64169446,0.67987566
S291,0.68093273,0.39909928,0.73809729
S292,0.60363992,0.73653809,0.22923766
S293,0.64443744,0.35141545,0.68732013
S294,0.53777348,0.34575723,0.30990774
S295,0.47907476,0.37076751,0.45224802
S296,0.36554741,0.35244749,0.47030452
S297,0.48538971,0.50302477,0.70855370
S298,0.60588539,0.35998949,0.64559308
S299,0.35599723,0.57788809,0.41078780
S300,0.31170333,0.85281827,0.45287656
S301,0.55981536,0.57706016,0.44238017
S302,0.60531878,0.36399752,0.61677937
S303,0.59948491,0.22607047,0.57457562
S304,0.55731743,0.47153239,0.18037783
S305,0.85372489,0.66818920,0.64235853
S306,0.46092663,0.51398837,0.43718626
S307,0.62539760,0.64224418,0.69599709
S308,0.70573210,0.45412068,0.64499562
S309,0.54808260,0.47376290,0.66812070
S310,0.75043071,0.31406310,0.46386560
S311,0.70130565,0.44965289,0.60618459
S312,0.74270026,0.60376054,0.57833791
S313,0.72239760,0.43916322,0.73739854
S314,0.38418593,0.58803175,0.53003544
S315,0.30059616,0.54793559,0.56665146
S316,0.66281448,0.65444219,0.52939959
S317,0.44807144,0.43792281,0.82500374
S318,0.68168957,0.39756922,0.50631710
S319,0.39743500,0.47888702,0.43030427
S320,0.48742705,0.58084519,0.66811944
S321,0.82389861,0.63106591,0.53460040
S322,0.57130674,0.28041024,0.44393042
S323,0.47279619,0.40700953,0.61816873
S324,0.94468610,0.34043315,0.73495369
S325,0.78362931,0.00000000,0.64742209
S326,0.73733500,0.42942757,0.74992593
S327,0.63064176,0.48181001,0.79387048
S328,0.56394771,0.64110035,0.53638830
S329,0.96145172,0.36563451,0.49338551
S330,0.55246801,0.50677736,0.64936053
S331,0.64215620,0.35072942,0.37712830
S332,0.56657507,0.41467755,0.66239031
S333,0.63658071,0.44468962,0.55322630
S334,0.67400963,0.61823001,0.55058210
S335,0.50724217,0.24753569,0.58011763
S336,0.52164606,0.47946561,0.67237235
S337,0.38953971,0.24302364,0.33635255
S338,0.65699032,0.56064893,0.71469216
S339,0.52775343,0.56636026,0.38169551
S340,0.68033638,0.42003649,0.61255679
S341,0.32645911,0.83541712,0.62884108
S342,0.57022208,0.47903598,0.64952548
S343,0.45208254,1.00000000,0.42990521
S344,0.24005450,0.43420057,0.55980618
S345,0.40957541,0.67639841,0.44243780
S346,0.72373916,0.54119040,0.49715012
S347,0.40727118,0.51848501,0.63297118
S348,0.79194171,0.30734674,0.56808813
S349,0.79730791,0.25088942,0.59122733
S350,0.56941640,0.47946075,0.58713591
S351,0.66419212,0.77896899,0.50572258
S352,0.66647751,0.50406017,0.67672388
S353,0.80430639,0.42143778,0.64409721
S354,0.71476348,0.67637362,0.62885548
S355,0.64953252,0.10453282,0.65555563
S356,0.88971725,0.69192942,0.54934776
S357,0.63708071,0.22946602,0.53636676
S358,0.63316956,0.29724353,0.46037431
S359,0.65820366,0.49895286,0.71256246
S360,0.67867889,0.65481456,0.54906987
S361,0.54600792,0.46885631,0.52021013
S362,0.66326985,0.26413000,0.57754511
S363,0.44288778,0.60771426,0.56763702
S364,0.63667680,0.41700883,0.60077074
S365,0.54231355,0.57124423,0.43746808
S366,0.41293129,0.66534880,0.65336019
S367,0.37370149,0.49360464,0.34822910
S368,0.77967034,0.35859889,0.60838189
S369,0.59666390,0.55350444,0.38539168
S370,0.60980107,0.55152944,0.74866365
S371,0.42409072,0.26138409,0.66175314
S372,0.68523101,0.53310514,0.68231214
S373,1.00000000,0.48588015,0.43149328
S374,0.67362942,0.39043818,0.53410415
S375,0.58398106,0.53466970,0.79374381
S376,0.83170521,0.28774798,0.31026319
S377,0.51748700,0.42821219,0.54324610
S378,0.66444981,0.38416440,0.53058811
S379,0.35243596,0.69612918,0.61301288
S380,0.39784724,0.50120760,0.49874246
S381,0.60764451,0.48937561,0.71486678
S382,0.44010432,0.67972410,0.54522972
S383,0.22762489,0.86127990,0.26334890
S384,0.61941165,0.46429425,0.75113933
S385,0.54415168,0.55594923,0.75209840
S386,0.43988097,0.57542331,0.38127863
S387,0.59535710,0.58409085,0.45880603
S388,0.62454271,0.25346885,0.55655713
S389,0.88491733,0.61184849,0.37556153
S390,0.38622020,0.69631708,0.67064916
S391,0.71753105,0.27306439,0.58715391
S392,0.42076570,1.00000000,0.38402447
S393,0.58835291,0.71191654,0.69641727
S394,0.51147280,0.52176549,0.42456980
S395,0.49934007,0.64623596,0.83017420
S396,0.41840298,0.59502466,0.52035220
S397,0.60769677,0.41483327,0.72900675
S398,0.41136417,0.69869885,0.73582381
S399,0.36703453,0.19720329,0.71464578
S400,0.58968689,0.44677010,0.56668404
S401,0.58701938,0.70704556,0.60074910
S402,0.61332783,0.51549462,0.68346108
S403,1.00000000,0.46009780,0.55084492
S404,0.68327409,0.64976751,0.56718530
S405,0.68794114,0.38876531,0.42837287
S406,0.58106900,0.68905543,0.42680001
S407,0.32336219,0.39666870,0.68528520
S408,0.53248768,0.61280890,0.38425115
S409,0.42196896,0.40867820,0.42031459
S410,0.55102061,0.49028200,0.51842574
S411,0.76328816,0.29109961,0.48795328
S412,0.42635900,0.46116513,0.46403155
S413,0.55624757,0.69904792,0.94035966
S414,0.61629406,0.59830082,0.55229957
S415,0.82919700,0.14076223,0.55895123
S416,0.50024470,0.39317232,0.56307166
S417,0.44039954,0.63573555,0.42744790
S418,0.46984994,0.68201233,0.39499105
S419,0.63648083,0.68668510,0.36605872
S420,0.80721748,0.35767348,0.54028892
S421,0.76916231,0.46083561,0.47846537
S422,0.54074865,0.42283525,0.63095303
S423,0.70059563,0.34848658,0.53913435
S424,0.56321089,0.41673363,0.76774599
S425,0.27826425,0.42261582,0.36943803
S426,0.71951263,0.40266976,0.75198168
S427,0.41685460,0.40933287,0.57576283
S428,0.61539896,0.75796824,0.38005624
S429,0.53096959,0.31471974,0.48775433
S430,0.69289304,0.39480370,0.73003179
S431,0.60804438,0.54085661,0.70169338
S432,0.46572525,0.51044284,0.60778173
S433,0.60369657,0.38665360,0.61824885
S434,0.67818598,0.44319384,0.33980979
S435,0.48373592,0.55565766,0.41912347
S436,0.77180257,0.27527262,0.51660785
S437,0.62460915,0.53519370,0.53739723
S438,0.57125335,0.57405404,0.60616231
S439,0.66700104,0.69645546,0.68726450
S440,0.63614879,0.56277407,0.29850933
S441,0.51532779,0.73134128,0.49360376
S442,0.46843371,0.75671152,0.11255975
S443,0.58966630,0.53207007,0.47321680
S444,0.49963054,0.60408919,0.49450222
S445,0.26034229,0.48241782,0.56026302
S446,0.64042055,0.57850498,0.58584930
S447,0.61819039,0.33021487,0.45787097
S448,0.76631561,0.42687308,0.65078776
S449,0.66997696,0.30533788,0.54423654
S450,0.22946308,0.64669396,0.55318740
S451,0.72023653,0.30445136,0.80461885
S452,0.70036560,0.59257140,0.69984524
S453,0.72399319,0.14247377,0.92711560
S454,0.71639393,0.33689803,0.59997344
S455,0.78142192,0.33974934,0.62033080
S456,0.57176965,0.51678558,0.49517259
S457,0.46180921,0.55446588,0.21167120
S458,0.71916234,0.29705454,0.57676186
S459,0.47853895,0.63793696,0.74290541
S460,0.81162384,0.22731068,0.49126313
S461,0.48636811,0.51478423,0.68844757
S462,0.39972509,0.55483181,0.50887181
S463,0.60608104,0.47981229,0.72755317
S464,0.61767526,0.40963366,0.65009489
S465,0.91131417,0.57440787,0.54219278
S466,0.84499126,0.70934885,0.65355894
S467,0.70475186,0.45523754,0.60159613
S468,0.51697351,0.35264439,0.48504624
S469,0.41810477,0.72270358,0.46772680
S470,0.60517801,0.37991700,0.58808852
S471,0.27284445,0.56655898,0.38428782
S472,0.57339219,0.38205852,0.69049486
S473,0.79903724,0.28799836,0.77571679
S474,0.49723453,0.76836668,0.40164151
S475,0.68146171,0.50659959,0.63251988
S476,0.85650725,0.51353086,0.61611466
S477,0.62594175,0.33023459,0.63893001
S478,0.69425903,0.44375385,0.63810539
S479,0.65032787,0.47555561,0.67301716
S480,0.69910538,0.59456582,0.79026114
S481,0.85381797,0.28848841,0.41892292
S482,0.59443426,0.47766453,0.56731692
S483,0.58817363,0.37006077,0.64517959
S484,0.50955802,0.45105721,0.19416792
S485,0.59102741,0.53130322,0.40215966
S486,0.68476379,0.70000588,0.80578030
S487,0.52822118,0.48718147,0.67445429
S488,0.54974801,0.61220569,0.52827582
S489,0.39000312,0.28491075,0.33467566
S490,0.84259870,0.46121353,0.47422483
S491,0.60996219,0.74898337,0.80501320
S492,0.53788437,0.21968324,0.44340015
S493,0.73642743,0.21031335,0.56846014
S494,0.53721110,0.58110284,0.52644202
S495,0.37905097,0.42394416,0.52766721
S496,0.58531285,0.49358864,0.55607589
S497,0.51257604,0.66436667,0.18279477
S498,0.55482164,0.76031813,0.68206831
S499,0.82160817,0.43893251,0.49707089
S500,0.62213736,0.68469511,0.66443394
S501,0.56730422,0.91027737,0.53005500
S502,0.46500639,0.48393170,0.44915078
S503,0.59466218,0.25437387,0.55216112
S504,0.57333050,0.65557929,0.24098261
S505,0.40322219,0.29483851,0.41269762
S506,0.13090949,0.99611856,0.30214909
S507,0.48965167,0.62054828,0.62950133
S508,0.50925050,0.31535766,0.32485706
S509,0.62120567,0.38921586,0.43282865
S510,0.68397951,0.26846289,0.86853758
S511,0.77756053,0.25716559,0.60352349
S512,0.46652028,0.70276873,0.43331880
S513,0.53136379,0.73500045,0.46775780
S514,0.32048804,0.62924616,0.46476757
S515,0.85017302,0.00493102,0.64931308
S516,0.58679210,0.48342685,0.59502808
S517,0.60425083,0.69391429,0.35431409
S518,0.76324373,0.14184865,0.63676107
S519,0.57027327,0.28176227,0.74839022
S520,0.73394513,0.53226768,0.56678317
S521,1.00000000,0.36119512,0.79853028
S522,0.82750403,0.58583720,0.47643200
S523,0.33806195,0.68429884,0.48830883
S524,0.51807188,0.25667042,0.57365202
S525,0.45884217,0.42377160,0.70462716
S526,0.58233206,0.45112054,0.61858676
S527,0.39798262,0.48664161,0.48863062
S528,0.67032773,0.66781104,0.35860523
S529,0.68853382,0.60768842,0.79628246
S530,0.57566403,0.53235549,0.52911734
S531,0.65844613,0.41239934,0.76028320
S532,0.41585778,0.66623930,0.79702825
S533,0.49418081,0.53008098,0.58280203
S534,0.55683374,0.58349027,0.80655415
S535,0.49755108,0.40444351,0.26173221
S536,0.43230914,0.61578078,0.59078210
S537,0.23349529,0.62488728,0.34444697
S538,0.88864379,0.36245573,0.73989459
S539,0.56395639,0.70855138,0.66238816
S540,0.71157101,0.44181869,0.46564259
S541,0.85418697,0.37716281,0.51934367
S542,0.65772211,0.56571642,0.56505858
S543,0.81758838,0.19265322,0.64432999
S544,0.30176194,0.64003706,0.52795624
S545,0.72442624,0.60985945,0.67632636
S546,0.66039287,0.18889865,0.61219726
S547,0.74616947,0.60529804,0.43906200
S548,0.60338128,0.35289381,0.33592188
S549,0.59063838,0.70014518,0.26845048
S550,0.66954038,0.59061541,0.65716081
S551,0.94178979,0.65370475,0.40578425
S552,0.70319379,0.34313277,0.46269710
S553,0.61084843,0.51121157,0.31336862
S554,0.61348148,0.77232112,0.58498692
S555,0.82208434,0.38168703,0.49825073
S556,0.49712726,0.47192104,0.63315224
S557,0.44224621,0.60171057,0.61725330
S558,0.50236640,0.63038047,0.37498709
S559,0.52863585,0.48118186,0.61469795
S560,0.48939334,0.49192214,0.71931287
S561,0.75243938,0.62796578,0.42482976
S562,0.61175871,0.46762388,0.64398810
S563,0.69174265,0.61242992,0.45378953
S564,0.55121120,0.18539029,0.69307060
S565,0.59300884,0.35711547,0.61470804
S566,0.71843519,0.36300660,0.91663277
S567,0.41509040,0.40530713,0.60745369
S568,0.55523328,0.64462432,0.49052193
S569,0.47109923,0.53686687,0.60703905
S570,0.51079944,0.89378617,0.59362991
S571,0.51395611,0.38369303,0.75132999
S572,0.42190273,0.69754662,0.25468518
S573,0.65540753,0.39953415,0.42643354
S574,0.75813176,0.49995388,0.43270950
S575,0.80029338,0.28460714,0.74969365
S576,0.46055569,0.95063838,0.47931313
S577,0.79853934,0.43340617,0.45988637
S578,0.70618317,0.55076999,0.47883309
S579,0.78220024,0.36105073,0.38628607
S580,0.71272360,0.51575773,1.00000000
S581,0.59567965,0.40556233,0.58470804
S582,0.65486381,0.42150304,0.53696261
S583,0.94980505,0.29294699,0.41586249
S584,0.73439120,0.20428571,0.46260121
S585,0.61635197,0.22107998,0.59919186
S586,0.61395708,0.12838736,0.43126022
S587,0.62055100,0.37286864,0.78421557
S588,0.75820934,0.45985046,0.41627094
S589,0.74209105,0.38592346,0.42951901
S590,0.53588399,0.63553347,0.77524851
S591,0.49181051,0.56152030,0.77619010
S592,0.50392068,0.61035033,0.34029535
S593,0.45441479,0.57903597,0.48294315
S594,0.66853211,0.60639948,0.58116339
S595,0.44707594,0.67451317,0.40878297
S596,0.46813420,0.41876282,0.49331616
S597,0.46039243,0.56302686,0.42826463
S598,0.74639489,0.57527960,0.39653402
S599,0.77769354,0.39097311,0.62306921
S600,0.47463422,0.82089339,0.48063824
S601,0.69881710,0.33371579,0.57224484
S602,0.76707334,0.45841352,0.72806918
S603,0.65205815,0.41712455,0.61456966
S604,0.64341354,0.43049020,0.64293706
S605,0.68177384,0.19280135,0.62699014
S606,0.45052477,0.43434235,0.44961526
S607,0.52240018,0.28156807,0.46423298
S608,0.68726290,0.34044860,0.65441671
S609,0.65948960,0.60676844,0.41284571
S610,0.53603921,0.41123354,0.47755478
S611,0.48756300,0.50481260,0.66575089
S612,0.80868071,0.77032176,0.44484954
S613,0.68368056,0.46375148,0.74622310
S614,0.69715145,0.60246866,1.00000000
S615,0.86498585,0.71959908,0.54981390
S616,0.64563337,0.56995964,0.53804934
S617,0.39968507,0.51950586,0.24559197
S618,0.70161542,0.45571674,0.44796474
S619,0.68028062,0.63658059,0.54002714
S620,0.69929560,0.53301327,0.61380045
S621,0.52982650,0.41795239,0.66582917
S622,0.56258436,0.44706821,0.55933927
S623,0.70071802,0.66968745,0.68925690
S624,0.67728637,0.36556388,0.55839341
S625,0.78255972,0.60211588,0.59718334
S626,0.60045099,0.34520332,0.56126726
S627,0.07441164,0.78439466,0.72292918
S628,0.55473640,0.56532335,0.69931740
S629,0.39778759,0.59541934,0.35964094
S630,0.36279164,0.49234567,0.70377182
S631,0.30682751,0.48535064,0.83222942
S632,0.81737748,0.38613898,0.75554401
S633,0.52731097,0.33983278,0.32451642
S634,0.66288388,0.64901154,0.66608193
S635,0.47422022,0.33322787,0.50666195
S636,0.52113687,0.53026113,0.51949688
S637,0.46203213,0.37757193,0.54726931
S638,0.70412412,0.35102730,0.58373489
S639,0.59297422,0.48525635,0.35910372
S640,0.41472458,0.69545257,0.65548787
S641,0.62039165,0.41578122,0.64411474
S642,0.36925037,0.46587815,0.49223256
S643,0.42074878,0.72755503,0.53944012
S644,0.30661168,0.68259556,0.61673084
S645,0.39075845,0.46636804,0.63861019
S646,0.98406454,0.22043706,0.67232934
S647,0.56955751,0.74193138,0.38238819
S648,0.65902470,0.31642874,0.51259012
S649,0.41230679,0.29770581,0.68588719
S650,0.47711748,0.75939968,0.52776911
S651,0.51365091,0.31282474,0.90097925
S652,0.72469650,0.24801955,0.33799191
S653,0.50944240,0.68260238,0.54492766
S654,0.39717407,0.63330677,0.41950926
S655,0.59773031,0.56353794,0.50479313
S656,0.44336849,0.54264163,0.38091921
S657,0.51966229,0.49194647,0.49194622
S658,0.78514264,0.59681663,0.48895327
S659,0.71186821,0.46475425,0.31913982
S660,0.67243866,0.53261695,0.69601844
S661,0.65537133,0.45183263,0.85602009
S662,0.73940992,0.56276549,0.54901907
S663,0.45212553,0.47127695,0.26207737
S664,0.72951455,0.64001632,0.43920175
S665,0.58482486,0.43807762,0.82519949
S666,0.68218027,0.42859061,0.50518089
S667,0.54983710,0.62960562,0.58469207
S668,0.64007644,0.48501132,0.54073609
S669,0.74512230,0.47449339,0.27684543
S670,0.49585762,0.40947622,0.65786900
S671,0.57709815,0.42019775,0.58522712
S672,0.78568591,0.49912703,0.69395287
S673,0.63044717,0.67960624,0.62014253
S674,0.69428990,0.48709334,0.51564245
S675,0.61048911,0.55002606,0.46530841
S676,0.57163273,0.34731530,0.60337611
S677,0.63786511,0.35691779,0.74018766
S678,0.65428429,0.62601597,0.69590497
S679,0.36052344,0.41967460,0.40475314
S680,0.68912166,0.28076647,0.71613286
S681,0.51166079,0.59304165,0.69621444
S682,0.61612649,0.52479657,0.59931699
S683,0.64186299,0.44661669,0.57646023
S684,0.54576393,0.53501792,0.61136060
S685,0.61055292,0.21185103,0.43827215
S686,0.55166318,0.74843358,0.54132618
S687,0.59037092,0.28725231,0.55392079
S688,0.53603942,0.27760332,0.63109366
S689,0.66067811,0.52634232,0.68915326
S690,0.87625815,0.15451175,0.82838524
S691,0.59587212,0.43563656,0.43359692
S692,0.69406988,0.31682262,0.85819653
S693,0.37210751,0.73590445,0.65522839
S694,0.59034685,0.61957382,0.60240787
S695,0.59630712,0.23734923,0.54212269
S696,0.62495249,0.31848150,0.53891611
S697,0.51938290,0.60941952,0.49988384
S698,0.54547963,0.17841499,0.75569446
S699,0.59453509,0.29144803,0.56558711
S700,0.49240769,0.58738985,0.55057462
S701,0.58010598,0.41381227,0.71943047
S702,0.62854997,0.57331382,0.17933699
S703,0.66274088,0.61878392,0.61159725
S704,0.45549016,0.36670793,0.64662301
S705,0.57814010,0.41365563,0.71338509
S706,0.64519622,0.63229505,0.40842673
S707,0.64480084,0.78448331,0.60456883
S708,0.67294752,0.63298506,0.49876368
S709,0.36218827,0.47953810,0.46764315
S710,0.71627413,0.57104877,0.44524297
S711,0.72438128,0.42674057,0.32057811
S712,0.64261462,0.58784616,0.56898760
S713,0.41373593,0.56978662,0.54454960
S714,0.33887233,0.46708215,0.53956200
S715,0.54788358,0.47071285,0.43504301
S716,0.56123562,0.17702041,0.83626932
S717,0.80582745,0.41218360,0.57084588
S718,0.55728247,0.37853972,0.64651784
S719,0.24761359,0.69639490,0.33469782
S720,0.69154395,0.31722251,0.38205215
S721,0.54184848,0.65527350,0.30095503
S722,0.50398364,0.20884803,0.79688024
S723,0.54255985,0.33114133,0.56290704
S724,0.61489385,0.43844690,0.71653364
S725,0.57797778,0.36154312,0.69608550
S726,0.63504664,0.55241317,0.17010366
S727,0.66134355,0.60160346,0.61923798
S728,0.64174902,0.47084590,0.73797006
S729,0.60430440,0.62161673,0.61633067
S730,0.52135707,0.57936393,0.32611857
S731,0.52697380,0.35829475,0.49232960
S732,0.57311883,0.73958862,0.20434150
S733,0.51977077,0.34571977,0.48039896
S734,0.57813530,0.49384210,0.35111782
S735,0.74432008,0.56587122,0.66475971
S736,0.65740247,0.62083892,0.81612286
S737,0.60892735,0.39217731,0.72728842
S738,0.54720585,0.64783880,0.40499741
S739,0.51336714,0.46099397,0.65204539
S740,0.43238436,0.69795439,0.21085011
S741,0.60434351,0.16742746,0.83450857
S742,0.83732124,0.45375874,0.81938811
S743,0.60201242,0.54880619,0.38512177
S744,0.44260724,0.79660818,0.40890996
S745,0.68813644,0.45583661,0.76806736
S746,0.53396334,0.53981870,0.34067575
S747,0.45263219,0.50039316,0.52189434
S748,0.72474171,0.64040378,0.56932679
S749,0.67233621,0.42039464,0.49137907
S750,0.43845696,0.59701832,0.68312765
S751,0.76545355,0.41764609,0.39800162
S752,0.46435313,0.59100913,0.43785202
S753,0.86214374,0.26871076,0.62028684
S754,0.68765070,0.16989293,0.76283454
S755,0.56834109,0.56541220,0.75287092
S756,0.64413669,0.49452701,0.84053813
S757,0.74996392,0.50415310,0.47927900
S758,0.69934406,0.32687861,0.38554320
S759,0.74375506,0.52812840,0.41277204
S760,0.50727816,0.51158500,0.59645564
S761,0.81633198,0.45532638,0.76266564
S762,0.82207173,0.50023647,0.92389118
S763,0.45231026,0.45939073,0.68700952
S764,0.64194135,0.66054112,0.54927633
S765,0.59372113,0.51808423,0.68565026
S766,0.87646640,0.65171825,0.59067519
S767,0.63968900,0.42536125,0.45989432
S768,0.50108722,0.53877510,0.41594555
S769,0.37326153,0.73703252,0.43719941
S770,0.61304142,0.48582161,0.72930813
S771,0.45120303,0.26205636,0.67795958
S772,0.66343358,0.60229022,0.72952315
S773,0.37390457,0.58011732,0.45202811
S774,0.65030966,0.43189862,0.43687884
S775,0.77177086,0.13271056,0.75707306
S776,0.68226633,0.39054865,0.60041239
S777,0.35546860,0.62374328,0.50726478
S778,0.39508227,0.50295584,0.44896468
S779,0.56627555,0.74415009,0.42137965
S780,0.80738560,0.42018781,0.54067834
S781,0.50047870,0.43325708,0.22848268
S782,0.96856241,0.50408675,0.77540203
S783,0.53958261,0.65644474,0.27849043
S784,0.69673355,0.23613497,0.44825796
S785,0.58654189,0.51352042,0.68007272
S786,0.44003085,0.57900353,0.42615860
S787,0.66358425,0.60288725,0.62232204
S788,0.61770708,0.57785418,0.68120871
S789,0.26713332,0.54395637,0.59016188
S790,0.55358702,0.70080041,0.36136072
S791,0.52620909,0.54727299,0.39430166
S792,0.76549565,0.34979797,0.51960816
S793,0.64387200,0.28516967,0.49750067
S794,0.54986587,0.56405949,0.37064949
S795,0.45488032,0.67285779,0.56391395
S796,0.63289048,0.34228253,0.63243613
S797,0.38638421,0.51847643,0.43674607
S798,0.50016506,0.54535682,0.68008402
S799,0.56843938,0.62566831,0.49494825
S800,0.47175501,0.70505616,0.43163137
S801,0.70199733,0.77234536,0.38498629
S802,0.83113939,0.42969851,0.56271815
S803,0.27506759,0.40051895,0.49733150
S804,0.61444920,0.25850214,0.56414989
S805,0.74086554,0.40304623,0.68801428
S806,0.47372526,0.51244276,0.59184176
S807,0.68783392,0.57467210,0.45692363
S808,0.95114470,0.61406206,0.47470271
S809,0.58937499,0.19801386,0.47218878
S810,0.88207893,0.53119232,0.59644128
S811,0.69399515,0.22804136,0.81837993
S812,0.68527757,0.85726116,0.43538313
S813,0.67257571,0.51171778,0.51650676
S814,0.64343950,0.46316421,0.60928484
S815,0.62231434,0.62525824,0.43449639
S816,0.71081406,0.35882256,0.57577859
S817,0.60956320,0.50045520,0.48924399
S818,0.40389646,0.77056262,0.73899502
S819,0.17272843,0.54388063,0.65752615
S820,0.46113893,0.68940483,0.40181950
S821,0.85359079,0.27488748,0.81506266
S822,0.71603320,0.45554796,0.57419928
S823,0.65429115,0.44885730,0.42510051
S824,0.53697458,0.60862464,0.67297854
S825,0.73582979,0.27589852,0.70621848
S826,0.70876686,0.42993389,0.58222237
S827,0.49170015,0.46975067,0.54365250
S828,0.97254057,0.23726561,0.67872062
S829,0.53851832,0.62534570,0.58274238
S830,0.57793860,0.71236651,0.48269841
S831,0.69167834,0.21209750,0.51965207
S832,0.59059568,0.77739937,0.63041534
S833,0.39326079,0.52956972,0.54809138
S834,0.54020549,0.41764123,0.00000000
S835,0.46953691,0.51706333,0.43684228
S836,0.94766881,0.35435265,0.53425827
S837,0.53703510,0.46586898,0.37883964
S838,0.57450816,0.48722090,0.69965329
S839,0.74449937,0.44956992,0.48156716
S840,0.79405793,0.05711134,0.86196493
S841,0.59748764,0.50284829,0.39644903
S842,0.46752006,0.58075273,0.54041756
S843,0.64163785,0.51821317,0.51533644
S844,0.56005518,0.58609000,0.62643086
S845,0.78929142,0.41217521,0.63916668
S846,0.39691400,0.54222531,0.36925826
S847,0.34531910,0.51763294,0.67220437
S848,0.56308145,0.41219415,0.41909693
S849,0.69981911,0.33400298,0.58201642
S850,0.71843466,0.76216018,0.61975412
S851,0.60231394,0.44757432,0.61079567
S852,0.60737064,0.47001533,0.76518119
S853,1.00000000,0.68399120,0.58588319
S854,0.75812076,0.41190286,0.74689134
S855,0.69360713,0.33474000,0.45030018
S856,0.52149750,0.28063080,0.52501744
S857,0.51749311,0.43359943,0.55898743
S858,0.54649608,0.56852135,0.44138228
S859,0.71310992,0.43122589,0.54189782
S860,0.31878508,0.54342938,0.44409193
S861,0.58283959,0.70780050,0.34409581
S862,0.54994960,0.41625930,0.53849311
S863,0.69550808,0.54498258,0.55144593
S864,0.44308459,0.62113771,0.42564745
S865,0.37400912,0.51435903,0.62863393
S866,0.52624524,0.48768305,0.58319596
S867,0.46111799,0.37203054,0.54853917
S868,0.73833755,0.52952238,0.44422595
S869,0.64171778,0.41269101,0.18691501
S870,0.64573397,0.51906148,0.60966215
S871,0.64169167,0.48140500,0.50695925
S872,0.55298076,0.42250208,0.59833760
S873,0.45540498,0.33959390,0.84188640
S874,0.66559679,0.45565710,0.48288413
S875,0.29363230,0.32643049,0.15959777
S876,0.57766907,0.52638196,0.66392617
S877,0.51469426,0.45587724,0.45704343
S878,0.54782890,0.42979222,0.63502194
S879,0.64233378,0.59504299,0.51288766
S880,0.59565897,0.53654394,0.53460771
S881,0.60889593,0.51357953,0.65247754
S882,0.66096426,0.40984618,0.53797259
S883,0.39712497,0.51105354,0.60975752
S884,0.67919156,0.50055863,0.73901497
S885,0.77428189,0.21032422,0.46168134
S886,0.62484201,0.54245750,0.39558548
S887,0.70815792,0.54160472,0.66383224
S888,0.86077457,0.67443010,0.53589135
S889,0.64924873,0.18972816,0.49915690
S890,0.51760014,0.61647132,0.38168024
S891,0.72063165,0.45111995,0.75657212
S892,0.53251951,0.39432405,0.73177369
S893,0.50531960,0.83262436,0.47629913
S894,0.78904087,0.83529001,0.51533383
S895,0.64586937,0.73682421,0.57405686
S896,0.66704253,0.51266076,0.60223204
S897,0.51418897,0.57040287,0.47928076
S898,0.35512157,0.58332819,0.75227139
S899,0.91589785,0.29154319,0.60168180
S900,0.59214263,0.50014868,0.48364151
S901,0.81433225,0.58304170,0.59171168
S902,0.69865329,0.32566271,0.64755293
S903,0.34391686,0.82874192,0.18991913
S904,0.40176411,0.55030718,0.82712890
S905,0.60106887,0.21733573,0.55331638
S906,0.66091424,0.57076650,0.47806732
S907,0.56131003,0.56973665,0.58898952
S908,0.34592348,0.59074278,0.31361247
S909,0.76432285,0.36491416,0.67665364
S910,0.75120184,0.52836051,0.69943849
S911,0.34715998,0.44440560,0.42842735
S912,0.56413945,0.14222765,0.47866607
S913,0.60019341,0.48334367,0.60855746
S914,0.29252935,0.24121430,0.56520231
S915,0.76602525,0.48462230,0.59613428
S916,0.39172015,0.46197363,0.43827447
S917,0.50386869,0.52715954,0.53984499
S918,0.51010773,0.20980798,0.66286220
S919,0.70432667,0.59296889,0.74597444
S920,0.70022035,0.49752041,0.47438832
S921,0.43172052,0.52054114,0.58586464
S922,0.47432336,0.64728264,0.19588101
S923,0.53934997,0.49740819,0.68370567
S924,0.67116656,0.23776062,0.61515059
S925,0.81555478,0.31421377,0.53518348
S926,0.55650870,0.35882633,0.33781643
S927,0.39421890,0.68247195,0.70495851
S928,0.58326075,0.49580394,0.64526760
S929,0.77186934,0.44808120,0.70162265
S930,0.57005657,0.79421032,0.90878371
S931,0.76021184,0.64548297,0.61507744
S932,0.59131865,0.60664478,0.27681346
S933,0.57159955,0.34032399,0.40343086
S934,0.65499817,0.54048322,0.52359849
S935,0.55782283,0.54751985,0.79406204
S936,0.67601426,0.60754613,0.44651187
S937,0.73675993,0.57188483,0.82821600
S938,0.61654538,0.36263307,0.50958764
S939,0.59134964,0.54046765,0.65787291
S940,0.60333215,0.55273088,0.46957180
S941,0.65461335,0.53378073,0.67239347
S942,0.76629435,0.46424149,0.64261518
S943,0.27096778,0.72640625,0.50642968
S944,0.72900671,0.57266353,0.39875439
S945,0.79777848,0.38832873,0.71424748
S946,0.67357285,0.52401918,0.41768081
S947,0.79023718,0.38962355,0.73797153
S948,0.76925108,0.59389706,0.52399782
S949,0.88515750,0.24438979,0.73598489
S950,0.46920497,0.75692681,0.34845658
S951,0.75854465,0.34358239,0.33131151
S952,0.67874626,0.41099737,0.58128970
S953,0.93164762,0.18077484,0.84870749
S954,0.77943435,0.56966494,0.63204869
S955,1.00000000,0.46122530,0.38117100
S956,0.40709098,0.41942092,0.39161426
S957,0.45836880,0.46774099,0.75258311
S958,0.70675566,0.76247924,0.59547988
S959,0.47069036,0.42844302,0.46247332
S960,0.59688781,0.50546687,0.61969720
S961,0.64938206,0.65199775,0.63397267
S962,0.83854944,0.16685076,0.67312786
S963,0.55341186,0.65915672,0.42900869
S964,0.70401464,0.58294682,0.24470451
S965,0.58161082,0.39619414,0.46509276
S966,0.78461574,0.28212708,0.63524721
S967,0.71027583,0.56226674,0.39352312
S968,0.51933749,0.67202045,0.33274303
S969,0.96125383,0.33795722,0.54810451
S970,0.56615461,0.50180228,0.44023360
S971,0.55669369,0.38895686,0.63083195
S972,0.37568399,0.57293366,0.61782880
S973,0.34347935,0.64504617,0.50544865
S974,0.59625437,0.31691467,0.59104005
S975,0.57319278,0.42874866,0.54835802
S976,0.70998067,0.67839940,0.57687227
S977,0.65988171,0.50220512,0.60949451
S978,0.60700080,0.68218372,0.55549613
S979,0.66346453,0.50333754,0.27571652
S980,0.56406266,0.52383247,0.48314045
S981,0.57311933,0.43176923,0.60214396
S982,0.57951893,0.25336035,0.45217410
S983,0.53918510,0.33807825,0.57645573
S984,0.64997275,0.42849507,0.48425383
S985,0.74610533,0.21213272,0.72935058
S986,0.53998180,0.42963367,0.55339100
S987,0.64296036,0.36413159,0.61020878
S988,0.55086734,0.43416005,0.51778985
S989,0.90532094,0.48895117,0.58595688
S990,0.59564599,0.58209301,0.23933847
S991,0.58429513,0.48722040,0.61768300
S992,0.49358262,0.49181374,0.36446961
S993,0.52830587,0.38546366,0.63915447
S994,0.52985555,0.47397207,0.51399448
S995,0.75868710,0.34407229,0.72877142
S996,0.70400365,0.58457473,0.21865625
S997,0.37926172,0.38340425,0.46310238
S998,0.50192277,0.55000570,0.81124794
S999,0.60241630,0.53764858,0.77439773
S1000,0.79880914,0.45109344,0.17126989
S1001,0.52346455,0.48612129,0.75456478
S1002,0.53698782,0.49351769,0.76480997
S1003,0.72937118,0.40960745,0.72905764
S1004,0.48717090,0.62898173,0.49637706
S1005,0.57994894,0.58492174,0.72352948
S1006,0.48476603,0.74245882,0.41707811
S1007,0.69019618,0.45321073,0.66284772
S1008,0.64177507,0.54105219,0.36058442
S1009,0.48178662,0.49058952,0.62412942
S1010,0.67437291,0.47856290,0.34177540
S1011,0.99321078,0.41949309,0.65986629
S1012,0.63824767,0.16286099,0.47207624
S1013,0.53256011,0.46290441,0.64227060
S1014,0.53084599,0.40728872,0.50233718
S1015,0.94774918,0.22566024,0.74605688
S1016,0.94843945,0.39650717,0.54160367
S1017,0.59683024,0.32170331,0.45569904
S1018,0.64175178,0.44640583,0.54862477
S1019,0.48633159,0.29494691,0.73031023
S1020,0.41813915,0.31666833,0.54415604
S1021,0.36941378,0.67206013,0.52353139
S1022,0.75342642,0.59268103,0.56278306
S1023,0.87360841,0.17988166,0.70929544
S1024,0.53866588,0.51024711,0.47531585
S1025,0.62738386,0.54939683,0.47669145
S1026,0.34595629,0.59928449,0.45433659
S1027,0.57712343,0.39177850,0.74036739
S1028,0.56009197,0.53166655,0.56220021
S1029,0.57160002,0.77013365,0.48604382
S1030,0.60463366,0.45209290,0.59378492
S1031,0.45836675,0.44829615,0.52318448
S1032,0.66981491,0.75043397,0.43883755
S1033,0.67671248,0.55861686,0.51844434
S1034,0.52227288,0.47073877,0.48446103
S1035,0.60403240,0.37111447,0.57291981
S1036,0.64701789,0.45593746,0.58628709
S1037,0.51510685,0.38337534,0.65271347
S1038,0.33505309,0.44599506,0.75044194
S1039,0.58790667,0.61250998,0.42437254
S1040,0.74276153,0.46922079,0.67051708
S1041,0.50780446,0.50797167,0.64380321
S1042,0.61874265,0.52959734,0.46664020
S1043,0.42318278,0.39432213,0.54511953
S1044,0.55946906,0.65538840,0.76642286
S1045,0.50688620,0.46994844,0.47692420
S1046,0.57643620,0.55747423,0.86720733
S1047,0.75091562,0.49067878,0.56741050
S1048,0.43309343,0.55123583,0.18213565
S1049,0.65724907,0.35596322,0.40191863
S1050,0.57128760,0.79912032,0.68428840
S1051,0.82128609,0.36987295,0.58011751
S1052,0.55554046,0.43547150,0.52667529
S1053,0.32305075,0.49129888,0.31073678
S1054,0.49686848,0.42881646,0.53363106
S1055,0.55939245,0.54986984,0.49992577
S1056,0.82144520,0.45209577,0.60954630
S1057,0.78583486,0.36664266,0.56224265
S1058,0.76804436,0.28530063,0.67069305
S1059,0.49420009,0.35314666,0.67457458
S1060,0.70704366,0.47221758,0.57068210
S1061,0.75002576,0.33925944,0.75433875
S1062,0.52075533,0.02032751,0.74814441
S1063,0.63157889,0.42299061,0.54419024
S1064,0.50294126,0.27577398,0.28534986
S1065,0.61414602,0.32356005,0.64021525
S1066,0.35957474,0.40007900,0.80821008
S1067,0.56496500,0.60459022,0.46272159
S1068,0.41513836,0.40017489,0.63566297
S1069,0.69331265,0.49017710,0.69136472
S1070,0.60069322,0.47464292,0.37509722
S1071,0.87452774,0.47672843,0.66075149
S1072,0.56575172,0.56752764,0.50331478
S1073,0.96400116,0.36998336,0.85968211
S1074,0.84252918,0.35619727,0.81105926
S1075,0.80385832,0.42784587,0.28455643
S1076,0.38760107,0.60837821,0.50341309
S1077,0.29419621,0.59915319,0.51069704
S1078,0.84831240,0.48542949,0.35844545
S1079,0.48750479,0.60232321,0.53830538
S1080,0.64111988,0.34722024,0.69127037
S1081,0.46051148,0.46911062,0.44071897
S1082,0.66118848,0.62492906,0.46174198
S1083,0.59550195,0.48030693,0.37853599
S1084,0.58176134,0.72525238,0.45880689
S1085,0.52643888,0.54354628,0.54943427
S1086,0.56102975,0.56918617,0.68276612
S1087,0.74201098,0.28819589,0.49830099
S1088,0.71920700,0.52718371,0.75035868
S1089,0.46015011,0.84626792,0.76397537
S1090,0.53342787,0.17716532,0.50297372
S1091,0.40923773,0.20413466,0.42296459
S1092,0.66593326,0.83274111,0.43548777
S1093,0.57701152,0.55912890,0.32767790
S1094,0.62630143,0.56560402,0.70036601
S1095,0.45460802,0.52223394,0.48318982
S1096,0.56355720,0.51752728,0.45674971
S1097,0.57146276,0.68653834,0.69751073
S1098,0.43309111,0.65560410,0.43407645
S1099,0.65938235,0.46938594,0.52548932
S1100,0.64170386,0.46144641,0.52706528
S1101,0.68015160,0.44107609,0.38684054
S1102,0.23516605,0.49279291,0.38898757
S1103,0.54767567,0.62014962,0.70118541
S1104,0.46692515,0.70905825,0.41706006
S1105,0.77010533,0.46097970,0.72447240
S1106,0.42614114,0.59872116,0.60869400
S1107,0.68837531,0.45854025,0.43635635
S1108,0.80001231,0.18108205,0.54907255
S1109,0.77204860,0.39600161,0.90770691
S1110,0.47895804,0.40908454,0.74243403
S1111,0.35540217,0.56869621,0.37020844
S1112,0.59323318,0.40041784,0.53792486
S1113,0.65737796,0.31443094,0.45208595
S1114,0.50428573,0.56852315,0.63366614
S1115,0.72119105,0.33761424,0.75988732
S1116,0.61772312,0.84237696,0.62718037
S1117,0.38799435,0.81993454,0.31508223
S1118,0.58706654,0.46964538,0.47865991
S1119,0.51148379,0.33665091,0.86892588
S1120,0.64307554,0.46904184,0.45921330
S1121,0.68109531,0.26052544,0.63350474
S1122,0.75957473,0.29252730,0.76673915
S1123,0.27481733,0.78361443,0.37404425
S1124,0.56485898,0.42196456,0.45513235
S1125,0.41503848,0.50613569,0.80667369
S1126,0.39577508,0.81907719,0.39092807
S1127,0.60569117,0.21199646,0.67226144
S1128,0.68403055,0.43984433,0.76506512
S1129,0.51028940,0.51495948,0.47715312
S1130,0.74590518,0.25986773,0.65190202
S1131,0.38965016,0.52644710,0.52364550
S1132,0.53159161,0.23625579,0.47763154
S1133,0.58078240,0.57519974,0.69862932
S1134,0.45092627,0.84112188,0.73990351
S1135,0.68453830,0.54978865,0.52766628
S1136,0.78991548,0.51231069,0.41448785
S1137,0.54590339,0.33583492,0.45569302
S1138,0.28963730,0.52013601,0.44174965
S1139,0.63709080,0.44620032,0.30748245
S1140,0.67232168,0.64198840,0.72069973
S1141,0.58248378,0.44467704,0.69748067
S1142,0.49549313,0.76153230,0.47044955
S1143,0.85962413,0.66323167,0.50756829
S1144,0.54893327,0.39936444,0.59359480
S1145,0.51638642,0.36405574,0.52743219
S1146,0.83524471,0.42110353,0.62131680
S1147,0.60882194,0.45965655,0.77957635
S1148,0.57333417,0.26798916,0.40566902
S1149,0.99098101,0.24949667,0.60804538
S1150,0.69449235,0.75453311,0.49379711
S1151,0.63678995,0.64244345,0.46708619
S1152,0.39190790,0.49722070,0.70787754
S1153,0.64338538,0.65803167,0.28002024
S1154,0.60112016,0.24560980,0.50484186
S1155,0.56498511,0.40652602,0.41740839
S1156,0.51672172,0.38901078,0.51132929
S1157,0.54435271,0.66079854,0.61041134
S1158,0.55708299,0.34175858,0.36341320
S1159,0.39662717,0.82664259,0.57516814
S1160,0.66047890,0.39805822,0.77675074
S1161,0.50459914,0.46062454,0.57107008
S1162,0.55361681,0.45207743,0.54688063
S1163,0.48636811,0.74673427,0.51465429
S1164,0.49322775,0.36475023,0.46911267
S1165,0.57285206,0.65772250,0.43519759
S1166,0.49251635,0.66360836,0.42563502
S1167,0.70693517,0.54073947,0.44397982
S1168,0.49270883,0.52560280,0.61700995
S1169,0.64958619,0.76243864,0.56515101
S1170,0.80966450,0.55315589,0.45039992
S1171,0.57549606,0.47569285,0.42275407
S1172,0.68341217,0.45393750,0.46574612
S1173,0.54529842,0.37296574,0.37497103
S1174,0.75724299,0.33018705,0.79222621
S1175,0.50334331,0.60331025,0.91295137
S1176,0.28104424,0.95432325,0.29344943
S1177,0.34759804,0.37348368,0.46837782
S1178,0.62546817,0.42028532,0.53687631
S1179,0.66446846,0.53581459,0.57312106
S1180,0.56721060,0.57395161,0.72128604
S1181,0.52198438,0.70919750,0.43106450
S1182,0.66296592,0.45310782,0.39504608
S1183,0.56698067,0.55076655,0.42653631
S1184,0.38823655,0.15868210,0.57898755
S1185,0.62759164,0.43956288,0.24468292
S1186,0.35439993,0.26220735,0.58587502
S1187,0.66970916,0.56304598,0.61224692
S1188,0.56325587,0.54985430,0.40210474
S1189,0.73960537,0.24416522,0.55950693
S1190,0.78920092,0.39579898,0.52043452
S1191,0.75999890,0.42402364,0.71595282
S1192,0.58296102,0.46517889,0.64522359
S1193,0.55678374,0.37040643,0.78553330
S1194,0.77430602,0.64494500,0.46847614
S1195,0.33629939,0.46032835,0.47055849
S1196,0.60072211,0.55226643,0.48679313
S1197,0.73118178,0.44573592,0.47294392
S1198,0.64469088,0.26216665,0.73984787
S1199,0.69727118,0.30331985,0.75121407
S1200,0.75011241,0.52709346,0.71913231
S1201,0.75410472,0.47849503,0.60521343
S1202,0.56029191,0.44439501,0.66985533
S1203,0.49476160,0.60771723,0.53771549
S1204,0.94357693,0.45556631,0.83249243
S1205,0.57468883,0.40434595,0.47113098
S1206,0.45985903,0.44541507,0.49434550
S1207,0.31409480,0.51444446,0.40745958
S1208,0.67217940,0.56348073,0.38904034
S1209,0.50980826,0.69724139,0.86834557
S1210,0.62284551,0.43994354,0.62008760
S1211,0.46957290,0.56087836,0.44704102
S1212,0.94468967,0.50046894,0.45978694
S1213,0.39211416,0.56715596,0.71878350
S1214,0.61241146,0.32391734,0.57661016
S1215,0.86957817,0.70888922,0.69850712
S1216,0.81641299,0.36800258,0.54421133
S1217,0.53431232,0.44006517,0.60307685
S1218,0.78582219,0.56382177,0.56959967
S1219,0.50403587,0.68017856,0.76022912
S1220,0.63053617,0.57789947,0.55679237
S1221,0.63578364,0.40854493,0.90420770
S1222,0.68390756,0.38190781,0.65782183
S1223,0.61599788,0.59566946,0.52609631
S1224,0.72211373,0.65094955,0.59777647
S1225,0.63130753,0.20308182,0.46152910
S1226,0.53359601,0.69681232,0.49035051
S1227,0.73610409,0.49566472,0.55191752
S1228,0.58791154,0.66148332,0.49495967
S1229,0.32989762,0.50674282,0.60153432
S1230,0.51271169,0.23330142,0.30676286
S1231,0.72533519,0.23069035,0.97240539
S1232,0.80495637,0.18465803,0.65098430
S1233,0.59833306,0.72938536,0.50596201
S1234,0.71587494,0.34312529,0.93953644
S1235,0.64714003,0.40395791,0.41959285
S1236,0.88358776,0.43606004,0.55117062
S1237,0.71333197,0.43736911,0.65361599
S1238,0.53200577,0.43438582,0.51785136
S1239,0.59487747,0.59854580,0.59613864
S1240,0.61606173,0.52747666,0.67698565
S1241,0.58075798,0.32647948,0.81888487
S1242,0.39346990,0.82353368,0.36496230
S1243,0.71830174,0.28150653,0.64006560
S1244,0.54027232,0.65181143,0.41200717
S1245,0.47257612,0.30885134,0.70562567
S1246,0.65952319,0.60485336,0.43023140
S1247,0.54100734,0.56512250,0.50828431
S1248,1.00000000,0.43290489,0.76014121
S1249,0.63565689,0.28560001,0.37809574
S1250,0.72631023,0.32355185,0.43901534
S1251,0.61153405,0.31805858,0.48799652
S1252,0.57412638,0.53354587,0.72129567
S1253,0.51923800,0.32432560,0.70272490
S1254,0.50269775,0.43417864,0.40721764
S1255,0.75255270,0.66832722,0.57631501
S1256,0.75546415,0.37610956,0.66529938
S1257,0.55982470,0.44524421,0.68159877
S1258,0.64469955,0.49249075,0.51692052
S1259,0.80621680,0.11197054,0.78134803
S1260,0.53216067,0.39343497,0.44566292
S1261,0.49739847,0.57726284,0.61620772
S1262,0.61501195,0.50787731,0.63903493
S1263,0.51783109,0.37916308,0.70325168
S1264,0.29058626,0.35572752,0.47000171
S1265,0.32827355,0.63042832,0.30520798
S1266,0.52965893,0.73539155,0.46600027
S1267,0.49329557,0.59886281,0.39020280
S1268,0.65904088,0.41418790,0.70816202
S1269,0.92231587,0.44777721,0.68174736
S1270,0.81029644,0.26544009,0.43338186
S1271,0.40136389,0.47427321,0.57397340
S1272,0.20784651,0.41821279,0.79113992
S1273,0.49719534,0.63610136,0.56163577
S1274,0.55417617,0.87340636,0.48796287
S1275,0.43619235,0.62152799,0.40455691
S1276,0.60552458,0.38280069,0.49016722
S1277,0.49975605,0.70001954,0.40142236
S1278,0.30635502,0.64155961,0.46017288
S1279,0.41406648,0.34238664,0.76470743
S1280,0.54592631,0.49160081,0.44756182
S1281,0.58481238,0.47245657,0.28026490
S1282,0.67181565,0.73904110,0.45982519
S1283,0.51163056,0.42388299,0.54304653
S1284,0.63501377,0.59159598,0.58328868
S1285,0.70070269,0.59035911,0.55537520
S1286,0.56994919,0.24663345,0.39098980
S1287,0.72237590,0.44019677,0.33522210
S1288,0.82115554,0.36354482,0.37813735
S1289,0.62015408,0.37808480,0.41945838
S1290,0.48740141,0.97207970,0.41158884
S1291,0.38906875,0.50461713,0.81511011
S1292,0.59286940,0.76961769,0.51166728
S1293,0.34941240,0.52228161,0.29911559
S1294,0.40440930,0.51157234,0.62927443
S1295,0.64531929,0.61002121,0.56900679
S1296,0.58426163,0.52554137,0.45278762
S1297,0.66362926,0.43010419,0.34090676
S1298,0.68302258,0.61206587,0.44798196
S1299,0.80026289,0.48914505,0.67820151
S1300,0.78527158,0.40162308,0.49049355
S1301,0.70605047,0.55371337,0.69282966
S1302,0.51825355,0.58364248,0.58096001
S1303,0.66781261,0.49913735,0.44825038
S1304,0.51949800,0.13116535,0.34762043
S1305,0.69093038,0.38587677,0.61068887
S1306,0.77988762,0.17694652,0.58161173
S1307,0.70260676,0.69419678,0.82331798
S1308,0.39915036,0.54625113,0.52387084
S1309,0.65445077,0.76733407,0.52806441
S1310,0.68327770,0.48444063,0.48747580
S1311,0.61783216,0.25231976,0.49792571
S1312,0.54027843,0.89115504,0.56283750
S1313,0.73572193,0.46444008,0.77155691
S1314,0.68693438,0.42563969,0.62817983
S1315,0.32417189,0.46291318,0.51726024
S1316,0.60057571,0.68207813,0.59703331
S1317,0.84192578,0.20037261,0.63490252
S1318,0.58464221,0.23397669,0.96778007
S1319,0.80886545,0.57356962,0.39174142
S1320,0.86098987,0.20546261,0.53825389
S1321,0.61112463,0.44680728,0.48080213
S1322,0.43170027,0.77274640,0.47469494
S1323,0.41137455,0.41072391,0.27380915
S1324,0.77905956,0.35573236,0.48367341
S1325,0.56221502,0.40524929,0.41880242
S1326,0.62459554,0.51914232,0.61273334
S1327,0.76156439,0.41027341,0.35927623
S1328,0.42985405,0.67939222,0.58145930
S1329,0.54558321,0.55205330,0.45087845
S1330,0.49689581,0.58519384,0.57089979
S1331,0.42635163,0.45851042,0.51597558
S1332,0.40674341,0.77330620,0.81325904
S1333,0.76512597,0.28287662,0.65719244
S1334,0.58401171,0.34673805,0.76665243
S1335,0.60893964,0.56537387,0.59083496
S1336,0.49103792,0.37228494,0.61930239
S1337,0.58937677,0.62954039,0.63150796
S1338,0.65537182,0.57211818,0.38303970
S1339,0.60961698,0.42530896,0.42346311
S1340,0.53795470,0.64580866,0.69850065
S1341,0.43956031,0.70352621,0.67750199
S1342,0.55812713,0.33688723,0.85695162
S1343,0.47427299,0.45963427,0.59151711
S1344,0.58190426,0.47466842,0.65039838
S1345,0.65413850,0.60911775,0.51145844
S1346,0.70826266,0.25086229,0.31264376
S1347,0.66654747,0.57407843,0.54592322
S1348,0.58121228,0.43205814,0.46815880
S1349,0.55111093,0.63525106,0.37481095
S1350,0.61847631,0.38580915,0.53599896
S1351,0.50177048,0.36804416,0.41656623
S1352,0.55418408,0.45498564,0.76857088
S1353,0.56514123,0.60925113,0.47101088
S1354,0.54865663,0.71198578,0.69694131
S1355,0.65383783,0.51428440,0.49278454
S1356,0.61772453,0.43505557,0.23343674
S1357,0.42762277,0.56513827,0.49035797
S1358,0.72052902,0.45272110,0.70439470
S1359,0.56658080,0.50464228,0.56490797
S1360,0.41179352,0.57794199,0.41111874
S1361,0.75186274,0.12471990,0.75058838
S1362,0.50998654,0.59369756,0.55326388
S1363,0.35428745,0.45267632,0.50530668
S1364,0.44019592,0.73234776,0.24660430
S1365,0.34345966,0.70031981,0.48970538
S1366,0.68044051,0.46571417,0.52537809
S1367,0.52990038,0.74626255,0.43451823
S1368,0.73859518,0.12459085,0.51771301
S1369,0.39037946,0.45710350,0.47558442
S1370,0.54226416,0.50259111,0.76416842
S1371,0.57794268,0.63090420,0.49303335
S1372,0.55021996,0.34814436,0.78297877
S1373,0.42156732,0.69422908,0.54661286
S1374,0.50039134,0.64570425,0.48385512
S1375,0.36335155,0.49252311,0.54021379
S1376,0.68170449,0.25638436,0.65289298
S1377,0.89196639,0.13100191,0.69611294
S1378,0.53175048,0.54956203,0.55926300
S1379,0.72196123,0.30172385,0.41031748
S1380,0.90650872,0.08192297,0.59217838
S1381,0.66965225,0.36487933,0.84568965
S1382,0.58460284,0.72320715,0.38748143
S1383,0.38655674,0.34303988,0.71630637
S1384,0.84501341,0.11530680,0.46483032
S1385,0.66466217,0.35210838,0.85124376
S1386,0.65962101,0.62675195,0.44074255
S1387,0.65528567,0.42339807,0.50305912
S1388,0.60128591,0.44955708,0.56705919
S1389,0.29552048,0.54544565,0.37792467
S1390,0.79302782,0.84661229,0.57993087
S1391,0.68691697,0.60932396,0.63946339
S1392,0.69586046,0.53188449,0.77720191
S1393,0.67190384,0.47165758,0.73982255
S1394,0.53235086,0.53913017,0.66116654
S1395,0.57502046,0.46149557,0.56009354
S1396,0.46033210,0.47763150,0.47871990
S1397,0.60409520,0.43479494,0.63028546
S1398,0.59926245,0.40230692,0.42917777
S1399,0.60606364,0.65741786,0.29117930
S1400,0.56508685,0.51089644,0.61444709
S1401,0.52276646,0.49097251,0.46630174
S1402,1.00000000,0.28893472,0.61869332
S1403,0.26870803,0.66772617,0.34224618
S1404,0.42896354,0.65051701,0.23773303
S1405,0.81008458,0.29585944,0.60226263
S1406,0.68431559,0.28656568,0.26545104
S1407,0.50855294,0.31254542,0.50186464
S1408,0.69771679,0.12022789,0.59501453
S1409,0.62636107,0.58732855,0.79467696
S1410,0.51528126,0.67975310,0.55883101
S1411,0.70072102,0.45033623,0.49316081
S1412,0.63079347,0.50360191,0.56623812
S1413,0.46610263,0.46185928,0.62995858
S1414,0.21163935,0.70342244,0.36603617
S1415,0.62307135,0.24297867,0.41829715
S1416,0.54218361,0.35150355,0.45198125
S1417,0.67616176,0.60403867,0.44756136
S1418,0.34337468,0.62181782,0.44344019
S1419,0.70153729,0.34019375,0.54222217
S1420,0.55698318,0.49370106,0.47931383
S1421,0.45559662,0.67424878,0.54886981
S1422,0.74132131,0.75566407,0.44762630
S1423,0.77725802,0.27044837,0.37786719
S1424,0.71968279,0.33711269,0.65181260
S1425,0.47403716,0.58063359,0.41804296
S1426,0.34834771,0.52168096,0.40539418
S1427,0.71389872,0.40099318,0.50413320
S1428,0.73750035,0.44829103,0.69154370
S1429,0.60060312,0.24606784,0.50712797
S1430,0.84264890,0.30357210,0.60609646
S1431,0.65383901,0.68990378,0.25494288
S1432,0.77224959,0.38395108,0.60227367
S1433,0.29813148,0.45783476,0.41995153
S1434,0.79531883,0.44092732,0.38083798
S1435,0.57403856,0.64516727,0.56772163
S1436,0.37899725,0.50011021,0.32122655
S1437,0.60287466,0.56814501,0.71291256
S1438,0.30519001,0.66063560,0.59829603
S1439,0.65062605,0.39514234,0.56938732
S1440,0.47916499,0.35291601,0.76341259
S1441,0.82346909,0.33421569,0.66706458
S1442,0.38223104,0.74075051,0.29214642
S1443,0.79339051,0.38533140,0.43452663
S1444,0.49370201,0.53473194,0.52633450
S1445,0.75586365,0.37645166,0.65113137
S1446,0.76217008,0.46070747,0.69894301
S1447,0.77885858,0.56261611,0.40342746
S1448,0.63592796,0.45152035,0.56792293
S1449,0.52204858,0.73428786,0.47707167
S1450,0.65120541,0.42215991,0.57626742
S1451,0.62727077,0.23803929,0.63878165
S1452,0.49694219,0.31087784,0.64671689
S1453,0.47368276,0.40742314,0.71895083
S1454,0.54077462,0.53999623,0.58376291
S1455,0.42221149,0.48685123,0.52065701
S1456,0.61364187,0.12463846,0.84650543
S1457,0.64554657,0.14805552,0.36534473
S1458,0.53888862,0.55332480,0.65513807
S1459,0.55180137,0.47101705,0.38588106
S1460,0.69856356,0.28529678,0.42383883
S1461,0.58219325,0.39464301,0.74597906
S1462,0.76489920,0.37538474,0.44435660
S1463,0.19638236,0.61245705,0.33864190
S1464,0.41018717,0.56461205,0.30045852
S1465,0.88904481,0.39638597,0.54589554
S1466,0.49228872,0.60438755,0.61592627
S1467,0.67472098,0.45012940,0.72699352
S1468,0.53522426,0.29782791,0.71009207
S1469,0.68169392,0.51630841,0.77180417
S1470,0.78850167,0.57405781,0.37128600
S1471,0.50720532,0.55642499,0.60209491
S1472,0.39057548,0.42526326,0.67845964
S1473,0.56372229,0.33720281,0.99518226
S1474,0.84677440,0.34877997,0.58267116
S1475,0.87641950,0.51070558,0.49435781
S1476,0.72203512,0.57830955,0.66403002
S1477,0.34252122,0.47096591,0.33696991
S1478,0.74069268,0.52053916,0.42789183
S1479,0.69008697,0.24906753,0.63593663
S1480,0.60142836,0.34654010,0.70115258
S1481,0.18685885,0.69584664,0.62604299
S1482,0.69428834,0.31559945,0.52171845
S1483,0.56819089,0.73631980,0.64944448
S1484,0.52180596,0.44622528,0.54902482
S1485,0.63668798,0.48055859,0.35186943
S1486,0.69103090,0.41701581,0.50752409
S1487,0.50158634,0.77339287,0.23687841
S1488,0.48180054,0.52554942,0.56477869
S1489,0.59165774,0.61193757,0.55890533
S1490,0.69559319,0.59910972,0.65069230
S1491,0.55418173,0.48534992,0.46941992
S1492,0.42159617,0.74379269,0.57173189
S1493,0.51063725,0.70835210,0.37671473
S1494,0.76577585,0.32636687,0.45396414
S1495,0.55991133,0.18236899,0.48290515
S1496,0.55892343,0.44685766,0.21544535
S1497,0.42161571,0.55927421,0.32845883
S1498,0.48279164,0.40871933,0.67250335
S1499,0.49418337,0.47576113,0.68802030
S1500,0.94543008,0.38735620,0.50081196
S1501,0.55934738,0.72410945,0.56451880
S1502,0.71832288,0.23457804,0.42553002
S1503,0.62861629,0.64987028,0.75446445
S1504,0.73139772,0.31004698,0.60071729
S1505,0.62880316,0.52646298,0.62714594
S1506,0.73435398,0.45832459,0.36444482
S1507,0.66599891,0.65261744,0.59192639
S1508,0.46878146,0.50025865,0.33439611
S1509,0.69544717,0.62142568,0.63759615
S1510,0.54189433,0.63317372,0.52102979
S1511,0.48385532,0.40453299,0.40126660
S1512,0.71754151,0.41452165,0.55721699
S1513,0.72663833,0.43060139,0.45127695
S1514,0.66146099,0.17511991,0.70229489
S1515,0.65229131,0.60652860,0.55268989
S1516,0.48170784,0.67592710,0.40502686
S1517,0.38108739,0.58976091,0.55349297
S1518,0.35256380,0.75862353,0.42318995
S1519,0.81276528,0.59302400,0.60804800
S1520,0.70413108,0.44186461,0.44117986
S1521,0.46527090,0.70064656,0.57167001
S1522,0.86340549,0.13544371,0.67078182
S1523,0.47893524,0.54101363,0.54357868
S1524,0.77494379,0.30888308,0.50220421
S1525,0.77328509,0.23130290,0.79243557
S1526,0.54847203,0.63973544,0.52078272
S1527,0.50406163,0.71327228,0.52514679
S1528,0.91727214,0.54319954,0.58910421
S1529,0.31141071,0.41065071,0.79619005
S1530,0.62152513,0.43558969,0.66808442
S1531,0.51902500,0.31346559,0.59459689
S1532,0.50879310,0.52750093,0.57780247
S1533,0.67368970,0.58298384,0.44470946
S1534,0.44574617,0.41232420,0.52782917
S1535,0.78125327,0.24241316,0.86838650
S1536,0.60353780,0.49102464,0.60637749
S1537,0.55473746,0.57418559,0.70281309
S1538,0.53713536,0.38360663,0.67817509
S1539,0.69418725,0.60138509,0.55789738
S1540,0.59103430,0.56373169,0.50748831
S1541,0.44568448,0.25629282,0.56953380
S1542,0.57337556,0.14586285,0.59103976
S1543,0.44941706,0.57251913,0.55665203
S1544,0.56533619,0.68881531,0.61193923
S1545,0.43163424,0.50631265,0.54126970
S1546,0.55660090,0.65396784,0.83908336
S1547,0.63082222,0.46452191,0.55388207
S1548,0.75134791,0.58226843,0.42869158
S1549,0.61916498,0.35052257,0.72114477
S1550,0.37438127,0.59846268,0.59593587
S1551,0.60959373,0.86918500,0.40680706
S1552,0.42279034,0.64454312,0.38509658
S1553,0.56119195,0.84871518,0.27091553
S1554,0.91352721,0.32597714,0.62177813
S1555,0.54438945,0.78690430,0.53818126
S1556,0.60474036,0.37060138,0.61005317
S1557,0.77986592,0.30437740,0.55203434
S1558,0.40881418,0.55337841,0.33506498
S1559,0.61178217,0.13468460,0.56215263
S1560,0.74758065,0.38167173,0.53604814
S1561,0.48999465,0.63969599,0.64700500
S1562,0.41359753,0.44076422,0.46559425
S1563,0.71921401,0.39162385,0.66294860
S1564,0.20518045,0.55653301,0.30590731
S1565,0.34519857,0.67999613,0.60311534
S1566,0.83503251,0.40922416,0.62068860
S1567,0.90089827,0.42900724,0.69964805
S1568,0.66112246,0.36736566,0.55093181
S1569,0.90914036,0.50891992,0.47638183
S1570,0.30845737,0.46911573,0.69714218
S1571,0.43186451,0.52172092,0.57082572
S1572,0.56024981,0.37160913,0.60995603
S1573,0.68256240,0.44636725,0.74964038
S1574,0.73551331,0.56282275,0.56403696
S1575,0.46319737,0.32213929,0.77210110
S1576,0.70130691,0.51728514,0.57917221
S1577,0.61988177,0.69150037,0.61198572
S1578,0.53394882,0.44438612,0.38714012
S1579,0.63637038,0.25809159,0.37154583
S1580,0.59739323,0.59766004,0.57369063
S1581,0.49460967,0.50750906,0.55570524
S1582,0.93325232,0.15793852,0.69939173
S1583,0.73705790,0.45739883,0.68382697
S1584,0.71586432,0.45487688,0.41756719
S1585,0.97312635,0.60540114,0.57914430
S1586,0.34801173,0.46286012,0.38756584
S1587,0.64722820,0.56175737,0.57929126
S1588,0.27292926,0.71917348,0.47740398
S1589,0.77455462,0.61753668,0.41425661
S1590,0.54099762,0.44846811,0.39017731
S1591,0.25925301,0.76517497,0.59494728
S1592,0.62721455,0.42341336,0.39275033
S1593,0.92477130,0.36115889,0.90904513
S1594,0.57760074,0.75385537,0.43525051
S1595,0.87393649,0.33496924,0.59200105
S1596,0.20760850,0.66563747,0.40502710
S1597,0.27417741,0.39656352,0.55745226
S1598,0.48967253,0.57377389,0.63969449
S1599,0.69290936,0.33181640,0.68457534
S1600,0.65834063,0.19155741,0.33097152
S1601,0.60463558,0.41796850,0.78666698
S1602,0.84997107,0.19653541,0.78296610
S1603,0.71334119,0.34691166,0.64749729
S1604,0.46706606,0.71488750,0.57157311
S1605,0.55260170,0.50557681,0.47557084
S1606,0.67011388,0.60272336,0.22451434
S1607,0.72817696,0.24905527,0.67306670
S1608,0.54903035,0.37866662,0.59338262
S1609,0.49583429,0.48645587,0.76752987
S1610,0.29043098,0.04716087,0.73240383
S1611,0.58131638,0.31857416,0.59524701
S1612,0.63599014,0.52343470,0.58535368
S1613,0.52532112,0.72136206,0.36921736
S1614,0.63699354,0.62951933,0.63009164
S1615,0.77602761,0.28559031,0.39669854
S1616,0.64621177,0.52939449,0.68036462
S1617,0.61744030,0.32791560,0.40656219
S1618,0.64001584,0.42892323,0.65754567
S1619,0.57940534,0.32958635,0.39389228
S1620,0.68796032,0.40669390,0.28999158
S1621,0.67035619,0.28951006,0.66385282
S1622,0.78410081,0.31422530,0.88407219
S1623,0.34558780,0.60628985,0.35772710
S1624,0.69612376,0.36047604,0.41580454
S1625,0.62460751,0.49454396,0.37248109
S1626,0.85455551,0.60751078,0.70420907
S1627,0.56635627,0.60451716,0.43633561
S1628,0.78324543,0.30756518,0.69540212
S1629,0.49579347,0.52160468,0.56450719
S1630,0.50766040,0.46507597,0.80712204
S1631,0.60509614,0.46484707,0.27111484
S1632,0.73308051,0.36338910,0.72371256
S1633,0.71719796,0.25047993,0.61983813
S1634,0.57461193,0.51023560,0.27948773
S1635,0.44463718,0.50752807,0.53552542
S1636,0.77145371,0.34212463,0.63292561
S1637,0.38964723,0.33805103,0.46894643
S1638,0.57241373,0.52192800,0.57990689
S1639,0.46663477,0.43163834,0.48755213
S1640,0.60603159,0.57009888,0.51630287
S1641,0.49149695,0.60255460,0.44143850
S1642,0.79908179,0.43610950,0.48380778
S1643,0.46733265,0.38489569,0.89813515
S1644,0.51574325,0.77654840,0.48228270
S1645,0.49032744,0.62151024,0.56906853
S1646,0.68310620,0.37403127,0.63521835
S1647,0.65870352,0.40288163,0.65732500
S1648,0.57160823,0.75395988,0.25694041
S1649,0.67548994,0.36096868,0.70441742
S1650,0.70415819,0.51298971,0.51091967
S1651,0.59526876,0.68390451,0.51125445
S1652,0.54847312,0.13475173,0.26995082
S1653,0.60733261,0.52484791,0.60850859
S1654,0.83165618,0.40301157,0.49355663
S1655,0.79597010,0.59596720,0.53938488
S1656,0.44943664,0.45861306,0.69793118
S1657,0.68292324,0.11463731,0.53724968
S1658,0.46245406,0.41433177,0.65043491
S1659,0.57516029,0.57140812,0.55370619
S1660,0.54922828,0.78207193,0.57392902
S1661,0.66591958,0.49864016,0.64659602
S1662,0.75452925,0.38262620,0.70159017
S1663,0.53585439,0.59617320,0.45226596
S1664,0.65089662,0.47717152,0.81031524
S1665,0.35074932,0.79583010,0.32242552
S1666,0.49048808,0.69081904,0.66026195
S1667,0.49155810,0.49849192,0.45740781
S1668,0.77329656,0.42603946,0.63022695
S1669,0.54960942,0.60147629,0.60525529
S1670,0.35641259,0.44187734,0.41899931
S1671,0.50096622,0.38327176,0.48865056
S1672,0.85631603,0.35589086,0.46145849
S1673,0.40029059,0.65141811,0.46321960
S1674,0.61386164,0.44869410,0.75527485
S1675,0.81837067,0.63862467,0.72681044
S1676,0.51685947,0.45599406,0.33446381
S1677,0.47698073,0.53054561,0.44466677
S1678,0.51462334,0.57978072,0.51909579
S1679,0.52096000,0.80363446,0.98211567
S1680,0.68585423,0.34405171,0.60334553
S1681,0.63272648,0.30825536,0.15757363
S1682,0.58677621,0.52952140,0.48826897
S1683,0.76108897,0.36424124,0.61240629
S1684,0.63117726,0.41587933,0.64124949
S1685,0.63006353,0.33853181,0.69689749
S1686,0.75977082,0.47214806,0.76155550
S1687,0.58640376,0.64291189,0.47651502
S1688,0.47342915,0.51265798,0.61513834
S1689,0.81912309,0.18477568,0.73249620
S1690,0.58210113,0.42992774,0.65180984
S1691,0.20482259,0.79883175,0.46375026
S1692,0.33326307,0.52619770,0.19360812
S1693,0.61186242,0.60295765,0.50805693
S1694,0.36134911,0.69787370,0.32645926
S1695,0.65287067,0.68334517,0.46975067
S1696,0.80105479,0.37142020,0.34099609
S1697,0.84224603,0.51220130,0.60244297
S1698,0.51705399,0.57556231,0.45419468
S1699,0.45688423,0.55782400,0.50745843
S1700,0.65586229,0.50362956,0.60449191
S1701,0.26576511,0.37309643,0.57286911
S1702,0.81160002,0.53891442,0.55974855
S1703,0.76145735,0.56519887,0.53667123
S1704,0.65711040,0.34765379,0.61271208
S1705,0.63074370,0.32717392,0.67892751
S1706,0.86031013,0.56585305,0.45897677
S1707,0.33288892,0.59353114,0.54191579
S1708,0.34400396,0.57049605,0.70335816
S1709,0.61650211,0.48242307,0.61831524
S1710,0.56180800,0.68544620,0.17031684
S1711,0.66673604,0.67993698,0.69750908
S1712,0.44974473,0.52950015,0.63224260
S1713,0.44235145,0.56503548,0.43848781
S1714,0.48579162,0.66175497,0.40369178
S1715,0.34567056,0.29881962,0.67491082
S1716,0.61520723,0.51843135,0.35186239
S1717,0.77275131,0.27274791,0.69216053
S1718,0.35264409,0.69430424,0.60211646
S1719,0.78623271,0.82912633,0.65554507
S1720,0.43796661,0.54981920,0.47700158
S1721,0.32699810,0.67131287,0.38301846
S1722,0.62266246,0.51287550,0.50586602
S1723,0.39008233,0.60958555,0.40759367
S1724,0.42700358,0.47779432,0.55796882
S1725,0.75163878,0.51622281,0.63269975
S1726,0.73925387,0.60758066,0.64221154
S1727,0.59531638,0.54929245,0.54497603
S1728,0.57402498,0.45561248,0.54682448
S1729,0.47129921,0.39696663,0.53761227
S1730,0.69791693,0.57456611,0.63246656
S1731,0.45788007,0.78716631,0.66801185
S1732,0.37546365,0.62011812,0.56931112
S1733,0.50838241,0.56274710,0.45137925
S1734,0.65722776,0.38593632,0.66139229
S1735,0.51695860,0.60290884,0.51072453
S1736,0.69264198,0.54599691,0.69778579
S1737,0.85692556,0.51201319,0.34949664
S1738,0.82339946,0.70075032,0.58746829
S1739,0.56860945,0.30122395,0.09310615
S1740,0.64539130,0.33623707,0.72101848
S1741,0.90038298,0.45009678,0.96924321
S1742,0.68319669,0.45289937,0.46256581
S1743,0.44359627,0.45582625,0.53113902
S1744,0.25845100,0.42319651,0.25762411
S1745,0.43483277,0.54142114,0.38106550
S1746,0.59384175,0.31646048,0.65068281
S1747,0.45613860,0.41940870,0.32414190
S1748,0.76510233,0.60457614,0.21562583
S1749,0.55989475,0.49020054,0.59320536
S1750,0.57087088,0.42078033,0.72812185
S1751,0.53345604,0.36749470,0.73170837
S1752,0.66393311,0.34274203,0.29829361
S1753,0.68525147,0.57347937,0.37157022
S1754,0.46614844,0.32121774,0.35337498
S1755,0.57464729,0.50760590,0.42930866
S1756,0.32640363,0.55366198,0.50772628
S1757,0.48137637,0.79710455,0.50347934
S1758,0.70272358,0.26153020,0.59876571
S1759,0.86037144,0.61682460,0.60773091
S1760,0.76119396,0.38884749,0.37669478
S1761,0.56093333,0.49834059,0.94973334
S1762,0.59451657,0.42350420,0.40593511
S1763,0.59629364,0.46655851,0.59595612
S1764,0.43003842,0.29391041,0.66319017
S1765,0.70624889,0.50089278,0.48958694
S1766,0.57503389,0.70499949,0.49632307
S1767,0.54114650,0.56550247,0.24481556
S1768,0.49336953,0.44744652,0.63421957
S1769,0.67243393,0.49280596,0.73652601
S1770,0.56164130,0.61521408,0.41932980
S1771,0.56726873,0.68620901,0.45629322
S1772,0.61096864,0.44123605,0.26308894
S1773,0.71570451,0.22951126,0.35037890
S1774,0.84905173,0.34566446,0.71702622
S1775,0.56925566,0.43152438,0.61292354
S1776,0.29783600,0.79225068,0.70271411
S1777,0.48454321,0.31877470,0.60294115
S1778,0.52738287,0.54004117,0.59390907
S1779,0.74933120,0.47201098,0.85116231
S1780,0.78949799,0.37352015,0.75514263
S1781,0.29841463,0.56091792,0.39723745
S1782,0.38017688,0.91378785,0.45112905
S1783,0.53963772,0.61576445,0.56645558
S1784,0.62565095,0.80077062,0.46434127
S1785,0.39426257,0.42731698,0.24608299
S1786,0.71087006,0.23345784,0.66052607
S1787,0.43561941,0.33257489,0.41290923
S1788,0.26367587,0.65886057,0.33662784
S1789,0.50900875,0.44402603,0.53757136
S1790,0.52126704,0.47316145,0.43705291
S1791,0.12172190,0.82974955,0.40642768
S1792,0.79004181,0.25550033,0.59884730
S1793,0.60930844,0.25557813,0.75776440
S1794,0.66897749,0.27606603,0.65887611
S1795,0.51588139,0.52269609,0.18219161
S1796,0.48566694,0.50141138,0.51134072
S1797,0.44313780,0.48970041,0.15888502
S1798,0.71333228,0.39414035,0.52651880
S1799,0.70906994,0.38191136,0.50169282
S1800,0.68121433,0.40105366,0.57944239
S1801,0.46089884,0.72726440,0.39258773
S1802,0.70319650,0.52146211,0.74252389
S1803,0.57924548,0.40943143,0.59515796
S1804,0.73327820,0.47651019,0.63207774
S1805,0.30090768,0.52642509,0.68857785
S1806,0.89590239,0.31529963,0.59490951
S1807,0.36979163,0.53345360,0.51315172
S1808,0.73118256,0.45734012,0.82740571
S1809,0.40862805,0.64411825,0.38814334
S1810,0.58950434,0.43334119,0.61263240
S1811,0.44216227,0.06862747,0.61664391
S1812,0.40654493,0.44584492,0.43155273
S1813,0.68342573,0.27164716,0.59786192
S1814,0.42491959,0.81274433,0.45838209
S1815,0.63234583,0.24220515,0.59539575
S1816,0.69106177,0.44899527,0.61442583
S1817,0.63826047,0.52736588,0.49796748
S1818,0.46250638,0.43589170,0.11165377
S1819,0.59711063,0.34441278,0.74713565
S1820,0.84810487,0.23703616,0.52735956
S1821,0.57072940,0.37620417,0.70400687
S1822,0.59691966,0.44204917,0.71318202
S1823,0.68175257,0.45585614,0.58552248
S1824,0.57048767,0.39161821,0.46435289
S1825,0.45642936,0.45556559,0.31786784
S1826,0.45535831,0.59904811,0.57245036
S1827,0.61137148,0.48958433,0.60280362
S1828,0.66687699,0.35060769,0.60025804
S1829,0.43376331,0.63135184,0.35995441
S1830,0.77276981,0.36368336,0.41302978
S1831,0.66561808,0.50015197,0.68791738
S1832,0.70211724,0.49894020,0.67752969
S1833,0.54313297,0.65038427,0.73778719
S1834,0.36814662,0.47862933,0.55286715
S1835,0.60521323,0.74494280,0.45302368
S1836,0.54825166,0.16055014,0.60371472
S1837,0.35477716,0.50707690,0.42681207
S1838,0.67423870,0.62929832,0.73685418
S1839,0.88062891,0.46668826,0.69100685
S1840,0.59450203,0.38143819,0.73404868
S1841,0.54047490,0.40060156,0.72839097
S1842,0.55865519,0.56815215,0.70962323
S1843,0.63593453,0.59617408,0.70584274
S1844,0.45786084,0.47586446,0.49175318
S1845,0.55309147,0.23128461,0.78831877
S1846,0.95922948,0.42212581,0.45249061
S1847,0.79914736,0.36254696,0.75296871
S1848,0.56337882,0.79053311,0.40372747
S1849,0.72240439,0.21823025,0.55424947
S1850,0.58100382,0.66210409,0.48608484
S1851,0.56224408,0.25114782,0.66506514
S1852,0.82256407,0.45450286,0.68838647
S1853,0.60340883,0.34884618,0.67346919
S1854,0.51865306,0.61574695,0.67310476
S1855,0.79245305,0.41275955,0.63150785
S1856,0.42357409,0.44890516,0.47652891
S1857,0.86426548,0.24589553,0.83005572
S1858,0.59743767,0.55730348,0.48163053
S1859,0.65543304,0.26202983,0.81526879
S1860,0.42548671,0.41909173,0.39633815
S1861,0.46810541,0.82885196,0.42543011
S1862,0.64367694,0.53114383,0.54507894
S1863,0.66118899,0.63935298,0.52944280
S1864,0.55302290,0.63058533,0.65714046
S1865,0.62171827,0.22189170,0.34985949
S1866,0.46533413,0.37384671,0.39089745
S1867,0.34771610,0.26194975,0.48205740
S1868,0.51377393,0.67814165,0.51431090
S1869,0.59680973,0.49551848,0.64390419
S1870,0.86817375,0.47931372,0.82755960
S1871,0.60583914,0.60142187,0.58367266
S1872,0.82539629,0.56494413,0.56564218
S1873,0.49710006,0.58905444,0.43228283
S1874,0.64178749,0.46884573,0.60226500
S1875,0.35428049,0.63085561,0.56908652
S1876,0.52370077,0.46585127,0.48272924
S1877,0.49499628,0.44215854,0.77398764
S1878,0.76419158,0.30168811,0.40044686
S1879,0.35351700,0.79829801,0.62546389
S1880,0.76583083,0.56001004,0.56418589
S1881,0.42029439,0.50967391,0.75004779
S1882,0.48887565,0.36932106,0.60988382
S1883,0.44027560,0.49108194,0.44225364
S1884,0.48445291,0.48212298,0.63640519
S1885,0.69032211,0.72688538,0.42927482
S1886,0.66467331,0.45464185,0.19154152
S1887,0.54414532,0.40862923,0.55902279
S1888,0.29832199,0.29469205,0.36792556
S1889,0.30478206,0.64921813,0.40590153
S1890,0.63244595,0.26099248,0.65989549
S1891,0.40398470,0.48742458,0.73573178
S1892,0.44597430,0.66527499,0.24067739
S1893,0.61722489,0.49253919,0.53566687
S1894,0.65690369,0.56483877,0.48817399
S1895,0.61393333,0.67121062,0.61281124
S1896,0.64186834,0.54323254,0.57974368
S1897,0.65535575,0.55587033,0.38528214
S1898,0.51102773,0.40180143,0.63269575
S1899,0.44553725,0.53491249,0.51997426
S1900,0.52177189,0.31009435,0.58749700
S1901,0.54639393,0.53767029,0.52198914
S1902,0.54703100,0.31207762,0.64395453
S1903,0.66853091,0.53905580,0.53990500
S1904,0.69910573,0.48030103,0.57743800
S1905,0.62939744,0.33153456,0.70314223
S1906,0.50995236,0.21068372,0.73697162
S1907,0.70886955,0.46982577,0.60246170
S1908,0.43800322,0.50402159,0.28957797
S1909,0.46137189,0.52844266,0.52330692
S1910,0.67148657,0.49932677,0.83060620
S1911,0.68792155,0.28273637,0.71498662
S1912,0.57654089,0.23168197,0.55096250
S1913,0.57733750,0.56922889,0.39303635
S1914,0.61154875,0.62699115,0.64992773
S1915,0.63233674,0.27692182,0.42033409
S1916,0.46533774,0.18296112,0.47765770
S1917,0.62491060,0.37052770,0.55734569
S1918,0.63431857,0.33527595,0.41452423
S1919,0.62051764,0.52532181,0.65549330
S1920,0.64130266,0.37824325,0.37358074
S1921,0.87555558,0.17987685,0.67586587
S1922,0.91696857,0.42202238,0.55235802
S1923,0.66083477,0.44873684,0.51866259
S1924,0.37726627,0.83846517,0.63448361
S1925,0.75366826,0.25181087,0.77294383
S1926,0.62701404,0.69284679,0.39224217
S1927,0.27074267,0.52974733,0.40412693
S1928,0.79711042,0.70250754,0.67416464
S1929,0.86426926,0.39595111,0.80135929
S1930,0.48091126,0.91123243,0.56861244
S1931,0.46645853,0.87926251,0.47102137
S1932,0.66121652,0.57024799,0.70488753
S1933,0.29455084,0.46412279,0.50167829
S1934,0.56488196,0.47043158,0.67387631
S1935,0.72087662,0.36773301,0.68805781
S1936,0.68485462,0.74011538,0.44133032
S1937,0.58945254,0.41936026,0.39109660
S1938,0.46664136,0.52439864,0.45052857
S1939,0.48391915,0.51874283,0.55609317
S1940,0.56096716,0.64557581,0.71141671
S1941,0.61886778,0.31021895,0.91572988
S1942,0.62000207,0.29820000,0.34280058
S1943,0.64623758,0.56121264,0.31794381
S1944,0.23268958,0.50524929,0.39200522
S1945,0.50977315,0.63036838,0.52132768
S1946,0.58090211,0.56143316,0.69302058
S1947,0.61547385,0.63283075,0.55612398
S1948,0.97424799,0.57885573,0.70274244
S1949,0.40953182,0.47003474,0.15635259
S1950,0.70004165,0.46104942,0.38674384
S1951,0.83787545,0.53288263,0.66105504
S1952,0.38764892,0.63967237,0.58505022
S1953,0.60299354,0.35310244,0.61471590
S1954,0.48454087,0.60575329,0.37951137
S1955,0.77752188,0.49754693,0.30741113
S1956,0.69481355,0.30998445,0.74537658
S1957,0.23960385,0.79197119,0.48973886
S1958,0.54138472,0.43602787,0.59711762
S1959,0.63233711,0.43393405,0.57213782
S1960,0.31525562,0.78783069,0.34829154
S1961,0.38813158,0.82711957,0.65166322
S1962,0.48162689,0.31011146,0.62680737
S1963,0.77635769,0.52288651,0.49172976
S1964,0.79836970,0.45745704,0.39804317
S1965,0.72670308,0.43541369,0.53446707
S1966,0.75195821,0.45110937,0.69644033
S1967,0.41607149,0.49861888,0.66409525
S1968,0.61174775,0.38112534,0.50393783
S1969,0.52110666,0.53984070,0.59814513
S1970,0.61778334,0.46621328,0.44277756
S1971,0.57912590,0.48035504,0.61777067
S1972,0.73160207,0.48002468,0.59740145
S1973,0.63373296,0.24555250,0.71477337
S1974,0.72365308,0.29645477,0.47542204
S1975,0.74771925,0.44094004,0.55113527
S1976,0.35169427,0.38195322,0.52625194
S1977,0.28034509,0.31738526,0.44743043
S1978,0.56013452,0.57475305,0.43431759
S1979,0.56786512,0.45153310,0.49664836
S1980,0.64472162,0.49783022,0.38291623
S1981,0.62849625,0.62086398,0.67981770
S1982,0.38776398,0.64476169,0.45668891
S1983,0.91489972,0.19082281,0.63095134
S1984,0.33612197,0.53087163,0.56616806
S1985,0.63362947,0.29709509,0.68239356
S1986,0.83174219,0.55505963,0.58196969
S1987,0.63434422,0.42145428,0.72170043
S1988,0.45687284,0.73736111,0.43848255
S1989,0.42343757,0.56205030,0.59882175
S1990,0.57590087,0.27299122,0.45297588
S1991,0.94203410,0.29338675,0.79092004
S1992,0.74627851,0.33221123,0.82974117
S1993,0.63074802,0.39643562,0.74450001
S1994,0.53910595,0.54153177,0.56057380
S1995,0.84238676,0.58166403,0.60704160
S1996,0.64299522,0.79962219,0.82578752
S1997,0.75037677,0.51690217,0.79820831
S1998,0.54659643,0.75185001,0.49528484
S1999,0.96432183,0.00000000,0.55575762
S2000,0.83720238,0.50482396,0.71257603
S2001,0.54439015,0.54478793,0.53955440
S2002,0.54236596,0.56849401,0.53667084
S2003,0.44690978,0.55334216,0.63031846
S2004,0.45471572,0.80009259,0.27923329
S2005,0.43562446,0.85905591,0.48974891
S2006,0.55595592,0.66946805,0.47358036
S2007,0.60547794,0.49929001,0.63714017
S2008,0.78441345,0.40722905,0.39569662
S2009,0.47210055,0.49499825,0.59077836
S2010,0.74470523,0.49277426,0.65010718
S2011,0.66519970,0.20371155,0.57284923
S2012,0.91454675,0.55854316,0.62014322
S2013,0.81635646,0.41379586,0.71628026
S2014,0.65303377,0.50702919,0.46089194
S2015,0.65877130,0.11014908,0.82852447
S2016,0.34250875,0.46306140,0.53162478
S2017,0.56398511,0.79924350,0.84867574
S2018,0.58470668,0.61548237,0.47129527
S2019,0.43336491,0.78219690,0.29366552
S2020,0.45735523,0.55129558,0.40471596
S2021,0.81704257,0.44178367,0.71633756
S2022,0.66589308,0.44802931,0.49827446
S2023,0.51037034,0.62197439,0.35965819
S2024,0.57412615,0.60086781,0.66239066
S2025,0.49083540,0.58648844,0.59578692
S2026,0.81222916,0.24843254,0.50859545
S2027,0.44001735,0.75161362,0.54056831
S2028,0.71427408,0.30084532,0.64414931
S2029,0.44826944,0.13819210,0.55732838
S2030,0.79003036,0.30768369,0.68397201
S2031,0.71636658,0.56200087,0.44542813
S2032,0.25774320,0.52325296,0.28790639
S2033,0.50150070,0.52881414,0.62368234
S2034,0.66839383,0.47486045,0.54159582
S2035,0.45789256,0.70574289,0.36710118
S2036,0.91206049,0.18322973,0.53263016
S2037,0.51142896,0.50985417,0.62680249
S2038,0.73410306,0.44132614,0.51948542
S2039,0.61710276,0.64443112,0.04491071
S2040,0.62340015,0.30063153,0.92620286
S2041,0.47772937,0.72873567,0.45797353
S2042,0.65051879,0.43520027,0.80225109
S2043,0.80590568,0.38585879,0.44244848
S2044,0.64106346,0.42960469,0.18929875
S2045,0.43376292,0.55481691,0.58085707
S2046,0.45908355,0.61058406,0.47446176
S2047,0.59999183,0.39971267,0.64786541
S2048,0.49975706,0.39654036,0.54851169
S2049,0.61087462,0.73188123,0.54235282
S2050,0.40795066,0.62803012,0.42947419
S2051,0.43744197,0.48819957,0.61230145
S2052,0.59508230,0.24787639,0.38270019
S2053,0.53124025,0.63698924,0.52412443
S2054,0.61572927,0.56543495,0.57325596
S2055,0.67334726,0.73325365,0.41039643
S2056,0.65029499,0.71530779,0.50924588
S2057,0.37988964,0.65090372,0.30439250
S2058,0.70828852,0.71773121,0.50634025
S2059,0.68634179,0.61839786,0.43856762
S2060,0.54169248,0.55528816,0.59388522
S2061,0.41993871,0.53108123,0.55648519
S2062,0.61082812,0.33988988,0.60061640
S2063,0.43866031,0.80328572,0.31419678
S2064,0.75891573,0.53005234,0.66556978
S2065,0.57770825,0.50411600,0.64946382
S2066,0.94390783,0.22703002,0.52192692
S2067,0.35848717,0.40986745,0.67177857
S2068,0.58162135,0.40154222,0.54195037
S2069,0.46462728,0.43608553,0.74207007
S2070,0.59722386,0.45913697,0.61092884
S2071,0.74959986,0.63925965,0.61315577
S2072,0.63604046,0.60771664,0.60335410
S2073,0.79840476,0.50992006,0.55503134
S2074,0.45895518,0.31117984,0.36380904
S2075,0.70149867,0.37646440,0.64139879
S2076,0.71597520,0.65891164,0.61794376
S2077,0.61451049,0.45714288,0.56178126
S2078,0.42089200,0.34507958,0.64017094
S2079,0.70471954,0.36975674,0.42511323
S2080,0.49914632,0.53945360,0.32137377
S2081,0.66085634,0.39929647,0.37739450
S2082,0.46489921,0.75622363,0.68544365
S2083,0.40958462,0.54421909,0.48795219
S2084,0.88409029,0.57265864,0.58018930
S2085,0.52959459,0.52597422,0.55686810
S2086,0.64661885,0.44160301,0.38597205
S2087,0.58158977,0.33041615,0.42781750
S2088,0.63090728,0.42200001,0.62030810
S2089,0.62224523,0.59331279,0.48367420
S2090,0.53369573,0.34411379,0.65556296
S2091,1.00000000,0.24073860,0.57714410
S2092,0.68407738,0.29358719,0.47720627
S2093,0.52618403,0.63372504,0.42097102
S2094,0.22421719,0.59330899,0.56358526
S2095,0.52252526,0.52448006,0.33548010
S2096,0.83159506,0.27063387,0.45907596
S2097,0.59528541,0.33389445,0.66082618
S2098,0.49268822,0.73000412,0.59134680
S2099,0.55231656,0.30003862,0.56355413
S2100,0.43997738,0.61696497,0.49625020
S2101,0.64927340,0.44060555,0.46841721
S2102,0.53809716,0.31940799,0.54735843
S2103,0.44315306,0.51339063,0.44820232
S2104,0.86267057,0.59884155,0.43283843
S2105,0.78542047,0.54746363,0.99584109
S2106,0.50661677,0.40195205,0.49478074
S2107,0.05181395,0.79852134,0.50273904
S2108,0.62041148,0.51817606,0.52431975
S2109,0.54011128,0.61157710,0.48635086
S2110,0.34977806,0.41964349,0.68604408
S2111,0.71312649,0.43635036,0.47808585
S2112,0.63781906,0.75366165,0.71181267
S2113,0.58210971,0.22784851,0.67287101
S2114,0.47460105,0.40274952,0.61938293
S2115,0.53347611,0.59930825,0.47306558
S2116,0.46743840,0.66326583,0.29312603
S2117,0.69653030,0.43624579,0.59095566
S2118,0.68918449,0.50207918,0.89179741
S2119,0.71093138,0.46862316,0.87734845
S2120,0.62246910,0.53846557,0.43940274
S2121,0.71535636,0.62421264,0.63523742
S2122,0.50461391,0.25386029,0.39175943
S2123,0.45417936,0.50434605,0.40239607
S2124,0.75183566,0.47285476,0.66298976
S2125,0.67133884,0.66298481,0.52817614
S2126,0.65435121,0.59371720,0.42591824
S2127,0.79176316,0.43846008,0.47795156
S2128,0.43552538,0.47318504,0.42991443
S2129,0.55024410,0.31534357,0.36651320
S2130,0.45185131,0.76052639,0.51529904
S2131,0.59509049,0.54146972,0.55307877
S2132,0.47040551,0.79752866,0.34844626
S2133,0.49201531,0.42271956,0.48181685
S2134,0.40734569,0.78953537,0.18423609
S2135,0.68912058,0.44845298,0.42555998
S2136,0.65066900,0.36984377,0.39779606
S2137,0.80092224,0.83574250,0.35647284
S2138,0.24448552,0.46698568,0.56638462
S2139,0.53445218,0.76190223,0.39400621
S2140,0.52441847,0.52225924,0.48483025
S2141,0.49703928,0.35485560,0.30572774
S2142,0.50071169,0.45739457,0.62598990
S2143,0.64482744,0.59803529,0.54948032
S2144,0.69763558,0.51378391,0.61595339
S2145,0.57076471,0.32662412,0.61217188
S2146,0.52891111,0.44603795,0.61003145
S2147,0.46799602,0.31135829,0.71694303
S2148,0.55951334,0.77274312,0.32973844
S2149,0.63607855,0.44872163,0.56445095
S2150,0.56639351,0.62350193,0.48439791
S2151,0.53585383,0.52351493,0.56808916
S2152,0.60080866,0.57889512,0.59244532
S2153,0.57451368,0.64520169,0.43081721
S2154,0.58815823,0.11894610,0.72446670
S2155,0.54176878,0.37182269,0.48571402
S2156,0.47372248,0.46635350,0.44148647
S2157,0.78605052,0.63877700,0.54480553
S2158,0.65660672,0.32219195,0.83766816
S2159,0.26455879,0.61708646,0.48984136
S2160,0.69578209,0.46860480,0.84151557
S2161,0.50884863,0.70669086,0.54965853
S2162,0.39896051,0.56270147,0.50262995
S2163,0.48847727,0.63872285,0.43689980
S2164,0.48854430,0.60170342,0.57190486
S2165,0.35231112,0.54631562,0.50652498
S2166,0.60583179,0.53115819,0.78898727
S2167,0.59652584,0.49038327,0.49941802
S2168,0.56261536,0.64714963,0.40695657
S2169,0.40426932,0.45772179,0.71064013
S2170,0.56861668,0.55932940,0.77895011
S2171,0.80571861,0.56144606,0.34188937
S2172,0.47798891,0.55696643,0.60890953
S2173,0.47427856,0.42633268,0.57689501
S2174,0.53907916,0.28736162,0.58424072
S2175,0.51943738,0.64860903,0.64086259
S2176,0.37189566,0.48118792,0.54133244
S2177,0.46164312,0.52593778,0.81256430
S2178,0.54728502,0.34147819,0.84121704
S2179,0.62672547,0.50877581,0.48498697
S2180,0.47412212,0.69909335,0.60364048
S2181,0.60420125,0.40052846,0.48740833
S2182,0.55302177,0.33818620,0.71615840
S2183,0.73646928,0.33541996,0.63161226
S2184,0.76689902,0.60697157,0.51747396
S2185,0.67246143,0.63050278,0.50064935
S2186,0.63623517,0.79791210,0.35818819
S2187,0.57673751,0.43209894,0.43764293
S2188,0.84173512,0.52959338,0.82189100
S2189,0.57950824,0.55842094,0.30006117
S2190,0.44069930,0.69792060,0.22848688
S2191,0.46757935,0.56464828,0.35224880
S2192,0.47779682,0.28759734,0.52646187
S2193,0.67203396,0.63942099,0.41792472
S2194,0.61606284,0.44384748,0.45487298
S2195,0.45548780,0.52559489,0.57131380
S2196,0.57183236,0.29373070,0.72887897
S2197,0.79159465,0.50217378,0.60823957
S2198,0.63764616,0.50677074,0.40801986
S2199,0.64523509,0.50263534,0.69885869
S2200,0.75932519,0.47452092,0.32480054
S2201,0.54354778,0.37678491,0.51796749
S2202,0.90818836,0.53685859,0.58556524
S2203,0.32238665,0.73248183,0.65364852
S2204,0.56786969,0.67146245,0.70270893
S2205,0.46642995,0.66552612,0.43375131
S2206,0.40674290,0.71448138,0.30525972
S2207,0.47712351,0.67627667,0.24831176
S2208,0.51741085,0.72490320,0.44761308
S2209,0.73562120,0.34073576,0.47173775
S2210,0.51090864,0.38537014,0.50170952
S2211,0.57755440,0.50703358,0.58969353
S2212,0.72299028,0.44168050,0.40061185
S2213,0.48167413,0.42008889,0.40431994
S2214,0.72738994,0.34195614,0.51920217
S2215,0.71284528,0.53895594,0.59159652
S2216,0.38255905,0.48890371,0.53534153
S2217,0.56966898,0.49184721,0.20042795
S2218,0.44153441,0.34433657,0.39757950
S2219,0.67793606,0.50296444,0.64889241
S2220,0.59114962,0.45669159,0.23400731
S2221,0.37444156,0.16611334,0.52935170
S2222,0.43252762,0.30038505,0.63930512
S2223,0.67515310,0.70340931,0.51096548
S2224,0.47090320,0.68861289,0.52201937
S2225,0.65194037,0.13687676,0.77290541
S2226,0.67945436,0.33302287,0.45156771
S2227,0.72165779,0.58853798,0.36787836
S2228,0.60267916,0.46434715,0.59611205
S2229,0.64917420,0.56060687,0.66260070
S2230,0.57721045,0.41247627,0.44658995
S2231,0.45796668,0.33665173,0.49490478
S2232,0.66166477,0.43096109,0.69233237
S2233,0.69391776,0.63134860,0.66893304
S2234,0.64464586,0.60050631,0.37688402
S2235,0.56673350,0.57439585,0.53723743
S2236,0.55118938,0.72963103,0.52744768
S2237,0.92170579,0.37477997,0.65639360
S2238,0.71264442,0.70458402,0.48794251
S2239,0.80539875,0.45680549,0.55148529
S2240,0.55438235,0.56658618,0.72281803
S2241,0.79362031,0.30461812,0.36251765
S2242,0.62258835,0.75707531,0.52425953
S2243,0.58462748,0.50949334,0.43025235
S2244,0.74945513,0.66133516,0.70331333
S2245,0.49996252,0.22854628,0.65518104
S2246,0.74757831,0.49549998,0.40585277
S2247,0.73723340,0.58653294,0.38757093
S2248,0.54610793,0.78055725,0.48738583
S2249,0.59662994,0.56532220,0.57265080
S2250,0.47617072,0.86559038,0.70056163
S2251,0.38217342,0.52103539,0.31570113
S2252,0.60567367,0.60661422,0.80492527
S2253,0.43421821,0.67485508,0.76722764
S2254,0.39337810,0.46425346,0.69841380
S2255,0.74175958,0.50206153,0.78924826
S2256,0.49812891,0.80472416,0.64149836
S2257,0.56284947,0.34707399,0.48600836
S2258,0.55128554,0.41293800,0.64816366
S2259,0.66544741,0.42480673,0.62667457
S2260,0.88069692,0.50906385,0.72800940
S2261,0.26168093,0.53388725,0.37926233
S2262,0.40711816,0.39114630,0.52149343
S2263,0.80242909,0.47536302,0.48226881
S2264,0.75789115,0.32806931,0.48876883
S2265,0.63682214,0.27838572,0.43763391
S2266,0.69822834,0.46588806,0.88406885
S2267,0.46887571,0.46910228,0.52337279
S2268,0.69281766,0.25665994,0.37425029
S2269,0.64400588,0.45460160,0.56366496
S2270,0.46955979,0.63704643,0.58215394
S2271,0.72893739,0.36950697,0.61113924
S2272,0.54649789,0.68326892,0.44920522
S2273,0.68075496,0.36772505,0.63020325
S2274,0.78005989,0.74553384,0.60357125
S2275,0.51777686,0.43907912,0.47970441
S2276,0.68233850,0.52786772,0.42149999
S2277,0.91884690,0.38450861,0.44993226
S2278,0.48066035,0.67687544,0.55035836
S2279,0.71140819,0.35972723,0.67814755
S2280,0.50843510,0.59070134,0.72252716
S2281,0.24079730,0.52647649,0.27948631
S2282,1.00000000,0.15987111,0.41822901
S2283,0.54482378,0.47076001,0.66000189
S2284,0.40886425,0.56066169,0.49023046
S2285,0.53187305,0.20127086,0.64942721
S2286,0.59195004,0.73585226,0.39962938
S2287,0.44437217,0.44272312,0.70130928
S2288,0.50674949,0.43125565,0.51000185
S2289,0.56850359,0.57822507,0.43541365
S2290,0.59958067,0.45821242,0.65741133
S2291,0.81392205,0.40003830,0.63279364
S2292,0.50169171,0.80173615,0.46409489
S2293,0.68801264,0.36190337,0.74706246
S2294,0.38850421,0.80867541,0.55038790
S2295,0.47586681,0.54063494,0.27236414
S2296,0.45558076,0.73246682,0.23539191
S2297,0.74066037,0.25318516,0.82165354
S2298,0.66083573,0.61086576,0.38456387
S2299,0.58800893,0.57297049,0.56297286
S2300,0.77685249,0.47456799,0.70009611
S2301,0.73986225,0.32902296,0.52321074
S2302,0.50007242,0.52742156,0.57435487
S2303,0.52402481,0.45556159,0.66798195
S2304,0.69461460,0.51621983,0.68863593
S2305,0.53968767,0.66969868,0.44571228
S2306,0.75757138,0.42782527,0.51083070
S2307,0.67975979,0.39609684,0.37827456
S2308,0.65502617,0.34831526,0.72387390
S2309,0.70188596,0.52930155,0.55826337
S2310,0.59087123,0.59273480,0.79118387
S2311,0.39745492,0.68115257,0.34484752
S2312,0.75072348,0.55894725,0.54119908
S2313,0.86752317,0.28868488,0.64420445
S2314,0.63044670,0.60942600,0.43411740
S2315,0.59636703,0.50244978,0.43774422
S2316,0.65867162,0.40045356,0.56970350
S2317,0.62905983,0.55467492,0.73459860
S2318,0.64020803,0.57789562,0.33030318
S2319,0.45524178,0.42160001,0.44209676
S2320,0.48428502,0.48663378,0.33038464
S2321,0.57777581,0.74397827,0.28459597
S2322,0.77467665,0.54419165,0.64197128
S2323,0.51648257,0.40000750,0.41362269
S2324,0.46790686,0.46280797,0.31237879
S2325,0.71799280,0.55168494,0.76702041
S2326,0.99174611,0.62569417,0.89762804
S2327,0.75712097,0.33864879,0.37693838
S2328,0.61835989,0.16551059,0.38211793
S2329,0.75665648,0.18016859,0.78312949
S2330,0.61777928,0.44492201,0.63548936
S2331,0.56452349,0.46945649,0.45846095
S2332,0.80498165,0.66947083,0.28705389
S2333,0.68107405,0.59816978,0.52862066
S2334,0.58094379,0.68536229,0.21783213
S2335,0.75721940,0.47250332,0.50322698
S2336,0.71908681,0.20299534,0.58071936
S2337,0.55119638,0.50935404,0.46535251
S2338,0.34021949,0.38290369,0.30837484
S2339,0.54161652,0.60529590,0.78357663
S2340,0.51108406,0.55774309,0.45813068
S2341,0.59880530,0.70554117,0.39149046
S2342,0.54591535,0.39404434,0.75277875
S2343,0.73020208,0.44135130,0.65620353
S2344,0.67820723,0.36955288,0.78358951
S2345,0.71303523,0.25763040,0.25261511
S2346,0.24838304,0.49679185,0.45003274
S2347,0.46880360,0.57668752,0.66845238
S2348,0.35381437,0.78005986,0.48951736
S2349,0.43446060,0.72757454,0.69052305
S2350,0.68279845,0.36543617,0.49362125
S2351,0.49239293,0.41786657,0.89199951
S2352,0.49510030,0.53311909,0.55220935
S2353,0.84838001,0.33370902,0.53899266
S2354,0.43344172,0.54373964,0.24552792
S2355,0.60308416,0.59846877,0.46727905
S2356,0.62957483,0.43053168,0.83346125
S2357,0.64699093,0.39469388,0.47211069
S2358,0.37362214,0.65097864,0.39517436
S2359,0.78726983,0.26037916,0.87814148
S2360,0.66237837,0.36684843,0.52181245
S2361,0.77070770,0.44077015,0.63554627
S2362,0.64231084,0.34087893,0.74849613
S2363,0.77516274,0.55322908,0.33103666
S2364,0.70394260,0.59103153,0.47440326
S2365,0.47127303,0.67502346,0.46172438
S2366,0.47114787,0.35426558,0.44265632
S2367,0.62631401,0.30175429,0.80260891
S2368,0.59386648,0.37554551,0.67530105
S2369,0.56658974,0.45296654,0.53772384
S2370,0.61836683,0.79052178,0.39510051
S2371,0.57662138,0.48768444,0.56946667
S2372,0.67739208,0.28504411,0.35365248
S2373,0.65903373,0.30146236,0.46251539
S2374,0.93045273,0.20017243,0.80577317
S2375,0.55812846,0.67696040,0.57582202
S2376,0.86988842,0.43113098,0.69716885
S2377,0.31939225,0.79412768,0.29795182
S2378,0.63622776,0.58285704,0.43498264
S2379,0.74778070,0.37703581,0.53056042
S2380,0.36258947,0.50769444,0.52350362
S2381,0.58993518,0.52536234,0.34004085
S2382,0.80908017,0.55476552,0.59711476
S2383,0.62308644,0.37617276,0.79417388
S2384,0.68914817,0.44285005,0.61231370
S2385,0.68320746,0.46522464,0.64657294
S2386,0.54698749,0.27105769,0.67381700
S2387,0.38823292,0.22593057,0.55836711
S2388,0.75765143,0.48473222,0.54790717
S2389,0.55922053,0.32100363,0.62201137
S2390,0.48574967,0.61734441,0.47967831
S2391,0.55502621,0.44701603,0.27640227
S2392,0.56993738,0.52202923,0.41571760
S2393,0.52242477,0.63535709,0.85482678
S2394,0.78965194,0.46938843,0.66665425
S2395,0.89626353,0.67081697,0.72708872
S2396,0.65614032,0.46616902,0.74510119
S2397,0.55322617,0.37175166,0.45004785
S2398,0.62910671,0.48758683,0.39668879
S2399,0.69456456,0.57824093,0.58674125
S2400,0.54356407,0.40744462,0.74313818
S2401,0.58080143,0.46559910,0.71803875
S2402,0.65131213,0.41122950,0.46046043
S2403,0.80287969,0.23679400,0.51433350
S2404,0.53691787,0.69659212,0.27263539
S2405,0.52525264,0.28234405,0.63987856
S2406,0.54481313,0.23991276,0.55566244
S2407,0.84053884,0.44703472,0.54369759
S2408,0.43491152,0.42245044,0.48556363
S2409,0.75973186,0.63539201,0.61254746
S2410,0.71938733,0.60573762,0.36152877
S2411,0.48134849,0.45111145,0.87020409
S2412,0.66797790,0.19343309,0.73964601
S2413,0.38366462,0.90219366,0.40635498
S2414,0.64415055,0.44106839,0.37130623
S2415,0.76043845,0.88701666,0.51513213
S2416,0.48571123,0.73490899,0.50911534
S2417,0.83287306,0.00000000,0.77138659
S2418,0.73170211,0.58545006,0.55622262
S2419,0.54923329,0.97482190,0.78630283
S2420,0.49766783,0.27250245,0.70452021
S2421,0.24261435,0.81872207,0.45431589
S2422,0.52457902,0.58414462,0.66155034
S2423,0.46282291,0.60373927,0.39885530
S2424,0.39158517,0.52170801,0.29567339
S2425,0.74568813,0.26129886,0.62478854
S2426,0.49383660,0.60732797,0.53515288
S2427,0.79105353,0.52464129,0.23812550
S2428,0.47797048,0.53237922,0.53017342
S2429,0.53067923,0.53234221,0.42159765
S2430,0.75358855,0.62480103,0.31042545
S2431,0.71305783,0.58461676,0.45587542
S2432,0.70758605,0.13865996,0.65238958
S2433,0.43597085,0.43817472,0.60154587
S2434,0.75628069,0.76657025,0.48788576
S2435,0.39463392,0.63668595,0.54290335
S2436,0.78405651,0.34270262,0.69027993
S2437,0.40531293,0.55293025,0.66519719
S2438,0.60220510,0.60733731,0.39977286
S2439,0.63748057,0.33309190,0.39609776
S2440,0.41362628,0.68704881,0.42480567
S2441,0.72280574,0.16383827,0.42130979
S2442,0.47349974,0.67896869,0.58360778
S2443,0.76502420,0.71212482,0.48266012
S2444,0.66324789,0.59286358,0.58270969
S2445,0.50093547,0.25456762,0.63760210
S2446,0.84430480,0.49534796,0.59858265
S2447,0.41768893,0.57497319,0.34547357
S2448,0.63029448,0.30770559,0.35519955
S2449,0.63869272,0.62793609,0.45609021
S2450,0.29444548,0.67071402,0.36848981
S2451,0.67594580,0.37462259,0.19390073
S2452,0.60386157,0.36250360,0.58858124
S2453,0.52665743,0.70165305,0.65686131
S2454,0.76174137,0.51451852,0.57182077
S2455,0.70274342,0.38289333,0.28892095
S2456,0.59701847,0.29228186,0.62150262
S2457,0.53849637,0.36550850,0.68655581
S2458,0.56622384,0.42343835,0.57461601
S2459,0.53877691,0.46761720,0.79593320
S2460,0.62224495,0.22787084,0.55356690
S2461,0.30243497,0.63832354,0.58951563
S2462,0.44953619,0.45905201,0.48670097
S2463,0.60002371,0.40764459,0.52327175
S2464,0.62919404,0.00000000,0.49165938
S2465,0.39907027,0.74500400,0.44639555
S2466,0.42866454,0.34314744,0.55580445
S2467,0.72867767,0.20177932,0.86085868
S2468,0.45854127,0.46653098,0.42000859
S2469,0.48148172,0.59248421,0.68381310
S2470,0.46070889,0.70910920,0.42223689
S2471,0.53973363,0.59294187,0.77847525
S2472,0.86038968,0.32806138,0.78368537
S2473,0.55410973,0.47701964,0.36044355
S2474,0.71626193,0.21535781,0.77387094
S2475,0.88015667,0.16940102,0.48504560
S2476,0.66512099,0.61751905,0.61426228
S2477,0.87996547,0.19313262,0.53559425
S2478,0.56181636,0.65161671,0.43330970
S2479,0.44903117,0.33090752,0.52921474
S2480,0.52110201,0.53442607,0.42701350
S2481,0.64457042,0.73875796,0.43008019
S2482,0.77364885,0.43743093,0.59358736
S2483,0.55970252,0.52559775,0.51061877
S2484,0.84063743,0.70755783,0.24027213
S2485,0.67075855,0.29618429,0.58104180
S2486,0.65674545,0.43145633,0.52492424
S2487,0.57324021,0.33442158,0.61253916
S2488,0.51153578,0.50975537,0.58672062
S2489,0.57402027,0.65217726,0.39595489
S2490,0.89913938,0.58380415,0.31301434
S2491,0.65768103,0.17645615,0.81095993
S2492,0.60326254,0.57293622,0.61917391
S2493,0.30800417,0.50357221,0.53739169
S2494,0.74069072,0.61647057,0.45941689
S2495,0.56842062,0.33871557,0.74263890
S2496,0.70473955,0.42230419,0.45726916
S2497,0.69983243,0.45758423,0.38240529
S2498,0.58293745,0.08265896,0.56801521
S2499,0.61461350,0.39522868,0.51714351
S2500,0.67226385,0.57288079,0.66068195
S2501,0.31544867,0.62703797,0.45261966
S2502,0.58979888,0.46483640,0.29108382
S2503,0.64639498,0.39207692,0.79050692
S2504,0.90571783,0.45590516,0.56028166
S2505,0.74959640,0.38173716,0.73116851
S2506,0.88479351,0.25910597,0.80215769
S2507,0.50026848,0.74549408,0.69878299
S2508,0.65038499,0.38125103,0.76745254
S2509,0.47294753,0.71018940,0.45870061
S2510,0.74879480,0.13082521,0.63015560
S2511,0.62109681,0.36509455,0.43625221
S2512,0.73116829,0.38780719,0.39526877
S2513,0.49968355,0.34605919,0.84397927
S2514,0.63166878,0.30560282,0.71069807
S2515,0.69702916,0.24883826,0.86162081
S2516,0.64297681,0.54002109,0.56151369
S2517,0.48258221,0.33976397,0.63053203
S2518,0.54237586,0.47371325,0.80145908
S2519,0.55706133,0.45248785,0.51931013
S2520,0.56288819,0.82581545,0.82444793
S2521,0.67131901,0.74738926,0.47617435
S2522,0.20301332,0.58251157,0.42791303
S2523,0.65135148,0.39058976,0.51386199
S2524,0.59845653,0.57243179,0.42926023
S2525,0.67301812,0.35554422,0.66041495
S2526,0.69914332,0.60828440,0.22160328
S2527,0.50350285,0.51761110,0.51182565
S2528,0.75966146,0.35693804,0.63530559
S2529,1.00000000,0.34805741,0.77857364
S2530,0.62812973,0.29466657,0.44915315
S2531,0.58852820,0.71866702,0.65673837
S2532,0.66117625,0.65694638,0.61432002
S2533,0.79538339,0.50505897,0.64649349
S2534,0.83934900,0.37936214,0.64651444
S2535,0.35812213,0.24840469,0.57075866
S2536,0.46025017,0.39639916,1.00000000
S2537,0.56783918,0.46804963,0.73564295
S2538,0.91475476,0.13809856,0.99859639
S2539,0.58975237,0.57866300,0.71328896
S2540,0.54365754,0.39838540,0.43934728
S2541,0.37106477,0.43971772,0.58065085
S2542,0.60445958,0.27316307,0.66365182
S2543,0.95282769,0.58081082,0.57063280
S2544,0.34219348,0.62698768,0.19440214
S2545,0.68122023,0.70211832,0.48835452
S2546,0.56438054,0.45943081,0.53337216
S2547,0.53143494,0.25832741,0.70590284
S2548,0.30062660,0.51863087,0.27660703
S2549,0.55311571,0.74009433,0.52045191
S2550,0.63277421,0.57410680,0.42110744
S2551,0.77626636,0.41291570,0.46118664
S2552,0.54762732,0.56895576,0.47926983
S2553,0.66828643,0.54156933,0.43703108
S2554,0.52805002,0.46594507,0.64003971
S2555,0.59556541,0.38541823,0.69388419
S2556,0.63779180,0.32142599,0.24210387
S2557,0.57181666,0.78205371,0.48810202
S2558,0.67803494,0.53954696,0.52899787
S2559,0.65064717,0.69249947,0.55629060
S2560,0.51665292,0.72095625,0.43109012
S2561,0.58694658,0.61517941,0.42858154
S2562,0.66880901,0.67617388,0.27128952
S2563,0.39005991,0.31118500,0.70715659
S2564,0.41652825,0.91976932,0.34498607
S2565,0.41622526,0.60458246,0.45056931
S2566,0.74583989,0.52800021,0.61002238
S2567,0.35118896,0.54609098,0.52524609
S2568,0.31677302,0.37681606,0.48510555
S2569,0.50461399,0.57186197,0.32895151
S2570,0.68958149,0.35258173,0.58317344
S2571,0.57939325,0.66332408,0.60349188
S2572,0.67649203,0.49023128,0.43997456
S2573,0.50474821,0.61160813,0.60207651
S2574,0.46690053,0.77640412,0.47156196
S2575,0.57636817,0.49032442,0.43718705
S2576,0.52220904,0.63603118,0.62635964
S2577,0.59083357,0.63224140,0.59107814
S2578,0.55119343,0.60102315,0.80788415
S2579,0.79890627,0.32493899,0.39543199
S2580,0.34992296,0.63092950,0.29004337
S2581,0.63939161,0.49964603,0.71197987
S2582,0.79574295,0.54732053,0.58298915
S2583,0.96460807,0.39614010,0.61777500
S2584,0.93782471,0.40058375,0.69281442
S2585,0.55546280,0.41454858,0.52430961
S2586,0.60121587,0.62250400,0.46683332
S2587,0.52561564,0.37808800,0.57738489
S2588,0.38899207,0.41218742,0.53562017
S2589,0.67034761,0.48645438,0.58949246
S2590,0.81242648,0.52802314,0.60142174
S2591,0.57915640,0.45851637,0.34384151
S2592,0.64491089,0.46366044,0.60350864
S2593,0.51441977,0.53017429,0.51615696
S2594,0.73502147,0.44108576,0.42349528
S2595,0.83229722,0.49618442,0.47063546
S2596,0.67207325,0.27972300,0.36745302
S2597,0.65708476,0.52669964,0.54935888
S2598,0.60544469,0.54885122,0.60555015
S2599,0.41960494,0.55564132,0.29722359
S2600,0.67982695,0.43189396,0.63262069
S2601,0.60331703,0.43063334,0.53521555
S2602,0.71012946,0.59932233,0.27529088
S2603,0.71766917,0.31306614,0.65188421
S2604,0.36477433,0.57455261,0.49724462
S2605,0.63877617,0.26091263,0.41734204
S2606,0.53545759,0.61777173,0.50921505
S2607,0.39615125,0.53771642,0.48432323
S2608,0.63365452,0.49948764,0.42403019
S2609,0.40614715,0.81229968,0.60573147
S2610,0.55307829,0.42992065,0.73600013
S2611,0.49488356,0.38999690,0.24208707
S2612,0.52730092,0.15657680,0.54968771
S2613,0.63952593,0.54607944,0.77119015
S2614,0.47234427,0.24851014,0.47216087
S2615,0.70299930,0.45992898,0.42944280
S2616,0.67536999,0.41568374,0.75334393
S2617,0.55199785,0.18866864,0.88699104
S2618,0.59585619,0.52443942,0.58166514
S2619,0.47500972,0.61806265,0.48868710
S2620,0.57558150,0.38951760,0.67414090
S2621,0.46914439,0.26957838,0.63636231
S2622,0.38252510,0.57935631,0.46645916
S2623,0.68925494,0.37750506,0.44916047
S2624,0.50833085,0.68792513,0.19760056
S2625,0.45487935,0.63860466,0.56458357
S2626,0.60257269,0.41199870,0.81088125
S2627,0.56557578,0.33464364,0.69690773
S2628,0.49508620,0.66924915,0.41047905
S2629,0.65204974,0.44965742,0.92865950
S2630,0.84145990,0.35488023,0.57258502
S2631,0.52714447,0.36278037,0.62921862
S2632,0.72253259,0.26884486,0.56138979
S2633,0.80476050,0.54309014,0.56420108
S2634,0.74284195,0.38042441,0.66580505
S2635,0.73381029,0.65014453,0.32051281
S2636,0.80126160,0.39120565,0.48912702
S2637,0.29280580,0.99338993,0.21690568
S2638,0.63437745,0.49640864,0.87175534
S2639,0.71423103,0.35771779,0.47979757
S2640,0.68889270,0.40595003,0.38071031
S2641,0.45988369,0.78567407,0.49886667
S2642,0.44949337,0.33627825,0.70216551
S2643,0.53496936,0.84118236,0.37387089
S2644,0.72810947,0.31675292,0.58593938
S2645,0.60228293,0.45052265,0.52593631
S2646,0.36060289,0.43454810,0.46536329
S2647,0.70836716,0.30410353,0.71084164
S2648,0.64552205,0.50060978,0.75049454
S2649,0.58078088,0.32522198,0.53200875
S2650,0.42972741,0.73417148,0.26182689
S2651,0.80667362,0.22428314,0.58548504
S2652,0.94457249,0.36585264,0.44937661
S2653,0.72120368,0.55915063,0.27561849
S2654,0.57870054,0.39202475,0.51585432
S2655,0.30841312,0.32280804,0.70043749
S2656,0.65398892,0.42296604,0.57491840
S2657,0.47852205,0.59789506,0.30453560
S2658,0.49558673,0.76069484,0.29009560
S2659,0.46041176,0.47486187,0.57753621
S2660,0.63926099,0.55589336,0.49410347
S2661,0.66131744,0.47349062,0.73741265
S2662,0.66305314,0.68815959,0.35699408
S2663,0.32135450,0.55367574,0.39210105
S2664,0.70902608,0.34773287,0.47298638
S2665,0.74068610,0.46566271,0.72984586
S2666,0.68745431,0.75634559,0.66722926
S2667,0.69107360,0.53544315,0.85813897
S2668,0.64647913,0.74797478,0.30704523
S2669,0.60674930,0.54620719,0.38165612
S2670,0.58618490,0.51085947,0.43268544
S2671,0.94402552,0.28018568,0.62616208
S2672,0.49531157,0.32696609,0.66911489
S2673,0.50066459,0.34106903,0.45087194
S2674,0.76881161,0.56332079,0.53549612
S2675,0.31769260,0.43875378,0.44336514
S2676,0.58409973,0.46667995,0.67375479
S2677,0.63583733,0.50578402,0.63104997
S2678,0.86265330,0.25654578,0.63949906
S2679,0.47189539,0.66978612,0.57730423
S2680,0.52580513,0.63206771,0.45382715
S2681,0.42404691,0.65387413,0.34752304
S2682,0.43073915,0.62274786,0.37957808
S2683,0.40529506,0.64074067,0.50846854
S2684,0.51402232,0.31981470,0.53250513
S2685,0.47267687,0.56349290,0.58210129
S2686,0.54857104,0.70774924,0.49658234
S2687,0.50607742,0.65369341,0.73314583
S2688,0.52047059,0.76128975,0.40248533
S2689,0.87823202,0.02855762,0.55568923
S2690,0.60001718,0.58128339,0.58999473
S2691,0.51940007,0.51578170,0.56419852
S2692,0.43421351,0.55954930,0.71679358
S2693,0.34032402,0.69073758,0.54303611
S2694,0.34722459,0.62140414,0.63584104
S2695,0.63717100,0.59852204,0.59762934
S2696,0.49637023,0.42046307,0.50354066
S2697,0.44348561,0.42515165,0.47514713
S2698,0.32388289,0.55571842,0.59328959
S2699,0.54857087,0.54195887,0.33095245
S2700,0.71226560,0.34293916,0.90725350
S2701,0.59214020,0.56964371,0.53328629
S2702,0.45877765,0.29593091,0.49394811
S2703,0.59352044,0.40139037,0.66302623
S2704,0.54704138,0.44961047,0.66014543
S2705,0.39469770,0.68489562,0.41938521
S2706,0.70353172,0.42196976,0.34854561
S2707,0.68560821,0.44478463,0.65027617
S2708,0.87836372,0.48514662,0.58417821
S2709,0.53091222,0.56731562,0.64524768
S2710,0.44781287,0.50153284,0.45613922
S2711,0.34171466,0.59297904,0.49198666
S2712,0.51235366,0.56832539,0.63545011
S2713,0.58241535,0.55571298,0.56882686
S2714,0.45691412,0.62372969,0.45164325
S2715,0.48263437,0.51199346,0.45374439
S2716,0.27157510,0.69836056,0.39932342
S2717,0.37520050,0.51421861,0.41640036
S2718,0.49604096,0.43963324,0.45141658
S2719,0.51853172,0.22850660,0.56823568
S2720,0.44894122,0.36168054,0.65624338
S2721,0.50280816,0.55514573,0.56191516
S2722,0.58784061,0.51376881,0.38935747
S2723,0.62223636,0.39385244,0.61133721
S2724,0.61714481,0.31022350,0.61123532
S2725,0.26856305,0.65755891,0.51886592
S2726,0.70926381,0.49549052,0.60482222
S2727,0.64836901,0.39773289,0.52917217
S2728,0.72787323,0.41434443,0.45879285
S2729,0.57138571,0.51434553,0.66196684
S2730,0.62228412,0.42605508,0.54098943
S2731,0.53606208,0.47749541,0.51891249
S2732,0.92453883,0.32102065,0.63204155
S2733,0.54441224,0.78044956,0.32222111
S2734,0.46024681,0.60306448,0.19333858
S2735,0.60648056,0.67101052,0.52617988
S2736,0.63729711,0.52614030,0.59429015
S2737,0.58992201,0.46356310,0.56052118
S2738,0.27179314,0.54819819,0.77259127
S2739,0.54267075,0.72603027,0.46134141
S2740,0.73900231,0.40090801,0.92992134
S2741,0.76665828,0.29416236,0.53679108
S2742,0.71816468,0.39508423,0.42933427
S2743,0.45378020,0.52628190,0.61059515
S2744,0.64020998,0.66748931,0.63235413
S2745,0.65490706,0.34221285,0.53401390
S2746,0.43439550,0.44443584,0.52428409
S2747,0.75564157,0.84086470,0.27585259
S2748,0.57055869,0.57983864,0.51478619
S2749,0.72675830,0.49523095,0.40382923
S2750,0.42482245,0.42267422,0.48705951
S2751,0.68944124,0.31792868,0.61744998
S2752,0.53389390,0.29278418,0.84060362
S2753,0.70155111,0.49142124,0.65984008
S2754,0.48542470,0.55876627,0.43855354
S2755,0.63926448,0.68726693,0.77413277
S2756,0.29260651,0.65545390,0.43812039
S2757,0.63019094,0.48475851,0.91211913
S2758,0.51097697,0.44090865,0.71316264
S2759,0.52981334,0.45076771,0.37157945
S2760,0.72072066,0.32932707,0.57158989
S2761,0.64420445,0.35985834,0.64978495
S2762,0.87534445,0.57634563,0.68600144
S2763,0.57308840,0.37894277,0.54043490
S2764,0.61558436,0.70775616,0.41777521
S2765,0.80284703,0.65482279,0.67796745
S2766,0.45667992,0.43204602,0.62675567
S2767,0.65561572,0.62971812,0.54985510
S2768,0.48483472,0.63184676,0.61266139
S2769,0.41478732,0.59351036,0.61206523
S2770,0.54182218,0.59769087,0.59486954
S2771,0.63801230,0.38345205,0.60968369
S2772,0.44532054,0.54339610,0.84602266
S2773,0.80358044,0.45409458,0.75422720
S2774,0.43587500,0.46314022,0.48668144
S2775,0.50270704,0.47072027,0.54875603
S2776,0.55210915,0.59693399,0.30218033
S2777,0.41358561,0.72775788,0.13880867
S2778,0.33029659,0.69521899,0.66908008
S2779,0.67737311,0.50915617,0.27015213
S2780,0.71125145,0.77674818,0.33369298
S2781,0.68801281,0.35104823,0.56167087
S2782,0.49101627,0.60805879,0.38328563
S2783,0.78248353,0.33773045,0.83985202
S2784,0.64450671,0.40946552,0.32314498
S2785,0.92561166,0.14193462,0.46830979
S2786,0.37108860,0.22866079,0.45002631
S2787,0.47219112,0.65887244,0.51002536
S2788,0.82909876,0.15050465,0.58139428
S2789,0.85158123,0.23810972,0.50356490
S2790,0.75209227,0.31028652,0.81542828
S2791,0.57308941,0.48040111,0.74423883
S2792,0.51204268,0.61952162,0.57128492
S2793,0.37398837,0.37175687,0.40505051
S2794,0.64524197,0.30537325,0.53483661
S2795,0.66270869,0.19424162,0.47153466
S2796,0.79100029,0.43649055,0.57321788
S2797,0.75514476,0.68421935,0.39620992
S2798,0.69162506,0.49493444,0.66937817
S2799,0.85206297,0.22585086,0.33573687
S2800,0.35366025,0.43723302,0.45827762
S2801,0.61444062,0.57119994,0.43147928
S2802,0.30160781,0.46323623,0.55840018
S2803,0.50462917,0.49636775,0.56159901
S2804,0.48555828,0.70758192,0.66420657
S2805,0.16717355,0.63688255,0.57719506
S2806,0.77190737,0.35837034,0.51199463
S2807,0.46495771,0.60574126,0.25735327
S2808,0.33135724,0.60318599,0.44266020
S2809,0.50839495,0.41929982,0.81470145
S2810,0.33317445,0.18229151,0.48465448
S2811,0.67445225,0.60249310,0.44194905
S2812,0.45008381,0.54475252,0.53721675
S2813,0.36617752,0.43252283,0.44976954
S2814,0.43575758,0.51368361,0.33990349
S2815,0.58494407,0.38388396,0.53532560
S2816,0.98479867,0.45831109,0.65774867
S2817,0.58806109,0.75048757,0.56684273
S2818,0.47635708,0.83111369,0.43758091
S2819,0.45437787,0.45306635,0.54935294
S2820,0.40288531,0.64266069,0.59718937
S2821,0.77281578,0.53729498,0.41818205
S2822,0.51296575,0.34528151,0.51492656
S2823,0.44199700,0.29597175,0.59109222
S2824,0.68932033,0.49028054,0.79272381
S2825,0.56167114,0.29225312,0.67819735
S2826,0.63602417,0.54745789,0.54786043
S2827,0.37326200,0.57547141,0.51351396
S2828,0.85038500,0.58225312,0.89476118
S2829,0.71729934,0.35758711,0.70826046
S2830,0.53964374,0.69269105,0.52124079
S2831,0.74819265,0.56368084,0.38354768
S2832,0.58196226,0.51984989,0.51451240
S2833,0.61407031,0.74560842,0.65554009
S2834,0.67652191,0.44902070,0.73074589
S2835,0.58532927,0.51466886,0.64556728
S2836,0.55990082,0.46203498,0.41926809
S2837,0.64678117,0.68263914,0.53816743
S2838,0.44873352,0.23290887,0.54302562
S2839,0.53624523,0.19369480,0.66177408
S2840,0.88056722,0.55856432,0.58766078
S2841,0.29046591,0.73375799,0.30096024
S2842,0.72750430,0.33164046,0.77764037
S2843,0.58766421,0.43930451,0.52484825
S2844,0.55538503,0.81159276,0.39478466
S2845,0.55272296,0.34011372,0.54986799
S2846,0.45404378,0.73209228,0.49218507
S2847,0.58575001,0.50162404,0.67476822
S2848,0.89082493,0.38255321,0.82357459
S2849,0.52425746,0.64727771,0.46828192
S2850,0.89881068,0.46136731,0.37453482
S2851,0.52856477,0.59551382,0.48768894
S2852,0.47875848,0.44751136,0.70822324
S2853,0.42012955,0.49530692,0.56169141
S2854,0.92531497,0.58162351,0.63126098
S2855,0.43690523,0.58546745,0.46174798
S2856,0.91720247,0.29543846,0.55094125
S2857,0.63745186,0.58624383,0.51170726
S2858,0.58743197,0.55210710,0.40914414
S2859,0.73581758,0.52149701,0.57725933
S2860,0.70645914,0.44575982,0.57715932
S2861,0.49161691,0.38384055,0.63984633
S2862,0.68401964,0.38680826,0.39678664
S2863,0.44644001,0.52751696,0.38796249
S2864,0.59598899,0.67380902,0.62223685
S2865,0.61938773,0.59780453,0.39489099
S2866,0.66566671,0.48376053,0.48637508
S2867,0.47912496,0.47988538,0.47564810
S2868,0.58630574,0.36918314,0.47677806
S2869,0.60674445,0.59194952,0.80681424
S2870,0.64688322,0.50842922,0.49182314
S2871,0.61512574,0.52010916,0.61336880
S2872,0.62855526,0.70267752,0.62194713
S2873,0.48713432,0.71006101,0.54253741
S2874,0.36508855,0.36478172,0.31342021
S2875,0.74651342,0.31708797,0.85903627
S2876,0.59407209,0.46007391,0.45127891
S2877,0.35850836,0.56975113,0.64874608
S2878,0.53121604,0.40929267,0.64743411
S2879,0.73969222,0.44527048,0.54752698
S2880,0.24485675,0.35204223,0.39812641
S2881,0.87490602,0.49535178,0.54083399
S2882,0.34683343,0.47692950,0.27192306
S2883,0.52291506,0.53075200,0.58505456
S2884,0.58030077,0.43852351,0.42042172
S2885,0.47716859,0.66316389,0.50263195
S2886,0.78895279,0.58718616,0.50607744
S2887,0.69609448,0.25904367,0.62346920
S2888,0.44152372,0.51175317,0.54207031
S2889,0.68104805,0.35087233,0.49598853
S2890,0.46396357,0.32787436,0.92869750
S2891,0.33404679,0.54106660,0.28461420
S2892,0.74281886,0.51703683,0.46171711
S2893,0.64306316,0.30583798,0.56829630
S2894,0.71846969,0.03485110,0.60619955
S2895,0.73709558,0.43245732,0.49683575
S2896,0.42578148,0.41824489,0.59789626
S2897,0.67758275,0.57976902,0.54100587
S2898,0.77204112,0.49216954,0.72653290
S2899,0.59544073,0.39137453,0.36999740
S2900,0.76394705,0.51613531,0.66772075
S2901,0.19338433,0.40580854,0.93956855
S2902,0.35935438,0.48494960,0.41225800
S2903,0.70757119,0.42684442,0.61447460
S2904,0.76020557,0.60992464,0.39751842
S2905,0.71225505,0.35070513,0.53659422
S2906,0.38315056,0.48430019,0.61244844
S2907,0.64597676,0.67743469,0.44628178
S2908,0.64427993,0.65716115,0.61657661
S2909,0.65973063,0.31326630,0.70600848
S2910,0.64201256,0.35878939,0.60687678
S2911,0.43257458,0.22449212,0.50236697
S2912,0.54987845,0.36086117,0.89221223
S2913,0.90635961,0.30097081,0.47812882
S2914,0.79034325,0.54980735,0.36699843
S2915,0.58803127,0.42445547,0.24424803
S2916,0.42608534,0.71057103,0.62943418
S2917,0.77516685,0.58275852,0.59843348
S2918,0.69040540,0.37579968,0.57007665
S2919,0.73021335,0.62029437,0.52973438
S2920,0.46261525,0.63642932,0.53450034
S2921,0.56309072,0.56612761,0.51383438
S2922,0.74810912,0.35575103,0.44376448
S2923,0.49676967,0.43939072,0.46080029
S2924,0.48946640,0.41332988,0.45601264
S2925,0.55735926,0.49794711,0.46009747
S2926,0.67726584,0.51706539,0.44816898
S2927,0.59014387,0.55271519,0.80685862
S2928,0.72896947,0.51918866,0.56698483
S2929,0.71791831,0.50885502,0.45588558
S2930,0.76512150,0.31195089,0.86509093
S2931,0.62176966,0.48148922,0.60374171
S2932,0.64336298,0.49616034,0.46540349
S2933,0.54721051,0.53776138,0.28549761
S2934,0.91518438,0.25788229,0.58879674
S2935,0.66774355,0.42394542,0.34725301
S2936,0.55414499,0.61752999,0.72289463
S2937,0.57914079,0.50255187,0.44997871
S2938,0.82012687,0.34966056,0.50003660
S2939,0.65633210,0.52236689,0.46910599
S2940,0.66279016,0.22776106,0.49548598
S2941,0.85248637,0.29089193,0.68315711
S2942,0.61908506,0.40521887,0.51435978
S2943,0.81129801,0.27180779,0.47313476
S2944,0.64642153,0.55539713,0.27634080
S2945,0.62702500,0.45563992,0.33855879
S2946,0.58549997,0.38700912,0.56390039
S2947,0.61153839,0.29498759,0.54458937
S2948,0.61744195,0.53557342,0.50461910
S2949,0.59792382,0.56513223,0.70684615
S2950,0.68950726,0.67521940,0.42846608
S2951,0.92991060,0.45932923,0.82997330
S2952,0.51051729,0.63535404,0.55392591
S2953,0.53580443,0.37818160,0.61343247
S2954,0.32245269,0.59005408,0.60906464
S2955,0.89168534,0.70461651,0.40082977
S2956,0.70117605,0.78049817,0.31646364
S2957,0.50237690,0.68065601,0.27211296
S2958,0.59714898,0.50610244,0.51667012
S2959,0.19701979,0.64042066,0.31875557
S2960,0.55718219,0.65641583,0.42753068
S2961,0.69329545,0.52432297,0.42855716
S2962,0.44092921,0.49633338,0.25711746
S2963,0.50709418,0.54963122,0.51571219
S2964,0.49834218,0.10351661,0.44132968
S2965,0.73449747,0.33704993,0.62083789
S2966,0.51297093,0.36340233,0.61448737
S2967,0.52738010,0.37276351,0.42592797
S2968,0.40766119,0.43731042,0.38924511
S2969,0.45260409,0.58495579,0.72853552
S2970,0.64679969,0.21449185,0.60597096
S2971,0.57808764,0.62186802,0.52667962
S2972,0.40048490,0.49840019,0.33183427
S2973,0.62018207,0.49000485,0.36314944
S2974,0.28571710,0.61445555,0.46041904
S2975,0.57727013,0.50689230,0.37509478
S2976,0.51077804,0.56607823,0.66869607
S2977,0.58173484,0.38237330,0.39819322
S2978,0.50127109,0.58892144,0.50743519
S2979,0.82061727,0.31726216,0.44651588
S2980,0.42656334,0.66362330,0.50492773
S2981,0.70458470,0.39940217,0.58197091
S2982,0.68706383,0.47437074,0.56332389
S2983,0.36164157,0.80868465,0.43355248
S2984,0.50441448,0.64900363,0.23979232
S2985,0.49996586,0.52682186,0.58134182
S2986,0.65743528,0.39761575,0.61354278
S2987,0.40464158,0.47548929,0.60678260
S2988,0.49084151,0.42034418,0.45463363
S2989,0.92673190,0.78052932,0.60284375
S2990,0.24484847,0.87904266,0.36218843
S2991,0.63234539,0.60078725,0.63501106
S2992,0.86122873,0.42789645,0.91946973
S2993,0.32483171,0.47822140,0.63787747
S2994,0.57254825,0.59948012,0.34786980
S2995,0.45193833,0.58340660,0.75736561
S2996,0.55395386,0.44156416,0.62206363
S2997,0.61499580,0.24411994,0.69123789
S2998,0.49858809,0.37749041,0.57158669
S2999,0.65113388,0.80351299,0.48836210
S3000,0.46922182,0.67775893,0.24284837
S3001,0.67480824,0.61780373,0.50975611
S3002,0.93245196,0.34343406,0.71169133
S3003,0.78322042,0.62391708,0.81313605
S3004,0.71903324,0.50792730,0.33547475
S3005,0.59406414,0.45125705,0.72307261
S3006,0.78212192,0.48773866,0.48306922
S3007,0.35587745,0.31538298,0.87544323
S3008,0.50863317,0.44920566,0.55845428
S3009,0.55237637,0.76916517,0.50162025
S3010,0.47379973,0.58270667,0.75316229
S3011,0.42447367,0.15031623,0.47674117
S3012,0.47101554,0.36004768,0.37195951
S3013,0.78041597,0.37416666,0.67418568
S3014,1.00000000,0.19495127,0.34779804
S3015,0.52957828,0.53752895,0.65161006
S3016,1.00000000,0.29338677,0.39835334
S3017,0.22753038,0.32016241,0.48849310
S3018,0.42867754,0.39788806,0.53248837
S3019,0.76035951,0.18459312,0.53717236
S3020,0.91749117,0.55586488,0.78758079
S3021,0.60541628,0.53525201,0.75741910
S3022,0.53466912,0.39209330,0.73179641
S3023,0.40029768,0.60351946,0.54447013
S3024,0.56528032,0.80236967,0.62402194
S3025,0.60843162,0.40061040,0.76411222
S3026,0.61312247,0.48878777,0.44435005
S3027,0.82481629,0.42588665,0.56739543
S3028,0.72048824,0.55797050,0.36696979
S3029,0.68776340,0.78690265,0.43096003
S3030,0.64683628,0.45566013,0.61752064
S3031,0.33547204,0.44068151,0.40534423
S3032,0.79873417,0.25076394,0.71770929
S3033,0.79982954,0.44623793,0.76526627
S3034,0.69981696,0.41772550,0.53330719
S3035,0.56288996,0.23124813,0.55399612
S3036,0.98313347,0.24639443,0.77770194
S3037,0.57440463,0.45649372,0.44390059
S3038,0.56457604,0.55876137,0.25304096
S3039,0.57885564,0.32627475,0.70291786
S3040,0.68905983,0.49019510,0.33244486
S3041,0.40577928,0.45911522,0.60898890
S3042,0.56074415,0.22542468,0.57848970
S3043,0.72174882,0.35432457,0.57688085
S3044,0.71450386,0.48565720,0.55371879
S3045,0.71767408,0.76678042,0.68825921
S3046,0.54216858,0.40897989,0.52208622
S3047,0.59887821,0.82265988,0.46723163
S3048,0.45365935,0.29565903,0.68939936
S3049,0.47134259,0.62112042,0.42652511
S3050,0.61657274,0.28644638,0.50905832
S3051,0.39030171,0.45253363,0.74108316
S3052,0.35965041,0.35274605,0.59229578
S3053,0.54061426,0.46827671,0.56807213
S3054,0.74576315,0.46933976,0.45549901
S3055,0.54537309,0.49794263,0.57346669
S3056,0.53130721,0.70391979,0.76559283
S3057,0.66809830,0.26548139,0.55266214
S3058,0.32612379,0.58408318,0.34224562
S3059,0.50156672,0.51711409,0.70659795
S3060,0.53595064,0.31411009,0.59005252
S3061,0.73869894,0.53831038,0.59259788
S3062,0.61428410,0.72309371,0.47717791
S3063,0.50740381,0.48409904,0.76015499
S3064,0.42299226,0.45461407,0.41880977
S3065,0.75980893,0.43781153,0.54365950
S3066,0.42450477,0.46945215,0.73106725
S3067,0.48274635,0.56552371,0.53318740
S3068,0.40668460,0.55926996,0.54987664
S3069,0.63166674,0.46125215,0.84266747
S3070,0.55017837,0.35513782,0.59216733
S3071,0.33957254,0.53479225,0.42538617
S3072,0.73420823,0.30896731,0.65834910
S3073,0.51964172,0.51137554,0.53047212
S3074,0.61728276,0.67266812,0.61188122
S3075,0.69692600,0.56809101,0.53161680
S3076,0.46887342,0.65863240,0.30611282
S3077,0.79127021,0.55804323,0.63970157
S3078,0.74134781,0.32672377,0.75649256
S3079,0.55135638,0.40651312,0.75428125
S3080,0.81193185,0.36094720,0.55340557
S3081,0.52162277,0.80107748,0.58303009
S3082,0.48821795,0.41086489,0.44190355
S3083,0.39125990,0.49491940,0.59847625
S3084,0.53525920,0.46113704,0.75796192
S3085,0.62319065,0.41756392,0.56348866
S3086,0.65280366,0.27047338,0.52195953
S3087,0.78470528,0.69250490,0.61781453
S3088,0.53055899,0.53426668,0.39780790
S3089,0.46847855,0.65153748,0.77666017
S3090,0.45697973,0.29071494,0.63129171
S3091,0.33205214,0.61388170,0.38201833
S3092,0.23192963,0.65055651,0.38120816
S3093,0.53077113,0.58904906,0.46386945
S3094,0.65488844,0.43079021,0.69057768
S3095,0.51339848,0.39737166,0.66881567
S3096,0.50671404,0.64137763,0.52497365
S3097,0.44908366,0.72037096,0.28360731
S3098,0.67950213,0.38997810,0.83326176
S3099,0.71544637,0.35976467,0.74035105
S3100,0.46944087,0.50135868,0.50481883
S3101,0.61438330,0.47291542,0.52837479
S3102,0.54008899,0.34788012,0.57511020
S3103,0.46787027,0.53166219,0.41234610
S3104,0.63502697,0.56655287,0.39176280
S3105,0.50481268,0.54850398,0.55645169
S3106,0.42633422,0.32125320,0.76062731
S3107,0.79768462,0.78386346,0.64522885
S3108,0.61846073,0.24959350,0.42057627
S3109,0.59348494,0.32801135,0.31786866
S3110,0.68640069,0.47278022,0.49396174
S3111,0.62364701,0.29216173,0.53865202
S3112,0.55755717,0.46232785,0.81186476
S3113,0.95885986,0.53942605,0.45575668
S3114,0.94963893,0.43522241,0.87395659
S3115,0.54616876,0.47132963,0.77130110
S3116,0.90468121,0.23592612,0.50742315
S3117,0.70088663,0.42167366,0.38150264
S3118,0.46663931,0.35301412,0.39939245
S3119,0.65914692,0.64122426,0.45598148
S3120,0.69879717,0.40071601,0.78168155
S3121,0.96440679,0.33513386,0.50294253
S3122,0.55980102,0.32023123,0.52445789
S3123,0.69489243,0.44545793,0.60184659
S3124,0.63464528,0.40106003,0.81999186
S3125,0.33373084,0.52242698,0.63413718
S3126,0.65180674,0.54086224,0.43379653
S3127,0.52107429,0.46583363,0.52264943
S3128,0.63786468,0.03068640,0.64174907
S3129,0.49950457,0.83763100,0.34668703
S3130,0.41789913,0.57738525,0.78173362
S3131,0.63177744,0.60410855,0.67987611
S3132,0.70013259,0.19737398,0.47684318
S3133,0.68045826,0.55280701,0.44603392
S3134,0.51003688,0.55028059,0.43316411
S3135,0.36822246,0.42037915,0.61785115
S3136,0.59823019,0.56578725,0.64249028
S3137,0.86981819,0.39472706,0.50166163
S3138,0.52219306,0.80350180,0.48301254
S3139,0.60767777,0.45368705,0.50789096
S3140,0.63277991,0.46869851,0.67883226
S3141,0.74811328,0.52481850,0.49488113
S3142,0.54388335,0.52322422,0.70502708
S3143,0.82531047,0.38583524,0.32579024
S3144,0.82923885,0.56018666,0.59964660
S3145,0.68345838,0.17821002,0.35102298
S3146,0.49729648,0.61190960,0.56763736
S3147,0.45120968,0.53457708,0.45199407
S3148,0.35065033,0.50378642,0.50038175
S3149,0.64514940,0.36017943,0.38540261
S3150,0.72110093,0.12868277,0.44583550
S3151,0.70205850,0.47102734,0.44562747
S3152,0.64927561,0.42712875,0.58473626
S3153,0.49014556,0.55643705,0.48161998
S3154,0.55746089,0.70237489,0.63010742
S3155,0.50065602,0.46527306,0.49805400
S3156,0.54432981,0.41097114,0.46844592
S3157,0.52644141,0.66407097,0.55731044
S3158,0.42778073,0.58770433,0.44744870
S3159,0.52745644,0.47766316,0.64762065
S3160,0.52086162,0.19429111,0.40515155
S3161,0.67623952,0.32487936,0.79983046
S3162,0.69295469,0.31264238,0.57223592
S3163,0.82187783,0.66179849,0.57802145
S3164,0.46111653,0.54115354,0.50430546
S3165,0.46230452,0.30831884,0.54747833
S3166,0.51849247,0.63325003,0.63457158
S3167,0.58630635,0.45874196,0.59335341
S3168,0.57054752,0.21038849,0.41762040
S3169,0.41184297,0.51654272,0.35968194
S3170,0.63872533,0.56162940,0.57910597
S3171,0.54234229,0.55707162,0.34614383
S3172,0.60187174,0.70496367,0.67570797
S3173,0.64788855,0.44772180,0.50899364
S3174,0.76917748,0.19879351,0.75706858
S3175,0.74442762,0.37413985,0.58741187
S3176,0.54105596,0.62508851,0.49708503
S3177,0.39202277,0.37266816,0.59517383
S3178,0.36420559,0.60747183,0.46972366
S3179,0.54257059,0.58238556,0.38200785
S3180,0.66440995,0.38071810,0.76827133
S3181,0.43020264,0.76583909,0.44432369
S3182,0.30305885,0.53726603,0.37208377
S3183,0.50433769,0.38036529,0.62037100
S3184,0.60751006,0.58177877,0.32122431
S3185,0.53690614,0.43067046,0.22074810
S3186,0.86465855,0.55226386,0.64631545
S3187,0.40977462,0.55524534,0.45624901
S3188,0.63766223,0.54107411,0.58475395
S3189,0.58549165,0.46573779,0.58613184
S3190,0.78766759,0.54431976,0.65015573
S3191,0.75030249,0.07811139,0.38372641
S3192,0.59941378,0.44447675,0.34915223
S3193,0.51369697,0.39729096,0.48491713
S3194,0.46875093,0.41234205,0.62644113
S3195,0.37553092,0.39274022,0.51526863
S3196,0.41237693,0.50892794,0.57188374
S3197,0.91183543,0.49689565,0.69436871
S3198,0.23817581,0.44904728,0.34769101
S3199,0.67124575,0.00000000,0.82012526
S3200,0.72989572,0.25401340,0.84582283
S3201,0.40984814,0.57398410,0.15235936
S3202,0.68335057,0.56928490,0.31500463
S3203,0.57210053,0.55435484,0.76998903
S3204,0.70513961,0.35203280,0.67228517
S3205,0.49919855,0.72590993,0.32919492
S3206,0.84303227,0.37786894,0.49185281
S3207,0.61220025,0.73956897,0.43872029
S3208,0.64438223,0.34375753,0.46261220
S3209,0.74197242,0.17197918,0.55346704
S3210,0.63765457,0.48997664,0.53467269
S3211,0.65548746,0.48312520,0.63096304
S3212,0.68509172,0.42836126,0.63748043
S3213,0.65599836,0.27134764,0.64413336
S3214,0.72848039,0.23430372,0.59982012
S3215,0.79203648,0.37909266,0.58734674
S3216,0.49884687,0.46432353,0.50745850
S3217,0.61119392,0.31991507,0.49251687
S3218,0.42708303,0.53524800,0.47106297
S3219,0.68406779,0.30471339,0.73091237
S3220,0.59492061,0.63744788,0.67598732
S3221,0.50976961,0.37790457,0.46985062
S3222,0.63569870,0.59921334,0.26551473
S3223,0.65125828,0.34108210,0.58642760
S3224,0.81604386,0.32937243,0.70754996
S3225,0.35948014,0.49566195,0.37959938
S3226,0.53739653,0.47497654,0.60433210
S3227,0.49189607,0.40415042,0.65116007
S3228,0.64068740,0.58598269,0.69150847
S3229,0.57844725,0.59650052,0.29985431
S3230,0.44268616,0.77054376,0.77297382
S3231,0.58768113,0.20307637,0.40433171
S3232,0.78345248,0.49238187,0.39953635
S3233,0.69160887,0.57842137,0.78255139
S3234,0.50055405,0.21927513,0.54878515
S3235,0.38478754,0.61135773,0.66607245
S3236,0.60271851,0.27802490,0.44950276
S3237,0.61149579,0.64717399,0.15714283
S3238,0.41069170,0.39985065,0.54478037
S3239,0.57930920,0.65907069,0.59274068
S3240,0.39428173,0.57036759,0.77456439
S3241,1.00000000,0.25479824,0.63252169
S3242,0.43918439,0.39325825,0.65341876
S3243,0.63914508,0.53435046,0.46995259
S3244,0.62730882,0.54096822,0.42238003
S3245,0.54638738,0.36015380,0.42231237
S3246,0.54571202,0.49079388,0.42958094
S3247,0.60597792,0.44372140,0.35538156
S3248,0.64066447,0.35482895,0.75711939
S3249,0.68909770,0.47943521,0.72982991
S3250,0.50335765,0.35770772,0.53295464
S3251,0.47459468,0.47082965,0.64295762
S3252,0.77172660,0.43203868,0.79508179
S3253,0.37524283,0.34955125,0.39675125
S3254,0.79652409,0.35470306,0.57638116
S3255,0.81213897,0.44517668,0.23554432
S3256,0.70356071,0.37651677,0.73700214
S3257,0.56650374,0.56678100,0.61654428
S3258,0.65824449,0.33693766,0.86095110
S3259,0.59529754,0.42954352,0.65828947
S3260,0.81612224,0.38268742,0.67144468
S3261,0.65281232,0.37140347,0.55681695
S3262,0.44351473,0.47020195,0.50031049
S3263,0.76813213,0.61462025,0.39984186
S3264,0.59024409,0.47507515,0.68643139
S3265,0.10003141,0.41105760,0.33572216
S3266,0.72089856,0.62074763,0.44181620
S3267,0.54101441,0.30931112,0.73228523
S3268,0.50410596,0.66097665,0.58299271
S3269,0.55775126,0.52703413,0.53410568
S3270,0.65692523,0.68130776,0.43043753
S3271,0.96773347,0.34476344,0.30381355
S3272,0.64891323,0.25252198,0.53397639
S3273,0.53298885,0.49507690,0.67507509
S3274,0.48757106,0.51123975,0.44695754
S3275,0.84876881,0.61948517,0.41298820
S3276,0.63231728,0.38977398,0.68130138
S3277,0.63105980,0.56962785,0.33346647
S3278,0.91625841,0.34556134,0.87702664
S3279,0.49753781,0.38931938,0.27843078
S3280,0.54051376,0.50279731,0.37945479
S3281,0.66733481,0.54581232,0.50502804
S3282,0.76663796,0.84140411,0.63193946
S3283,0.68581668,0.61996124,0.60516411
S3284,0.55155762,0.27604641,0.54370201
S3285,0.62339120,0.63256809,0.65190023
S3286,0.64058708,0.60373821,0.47253763
S3287,0.69838682,0.53651813,0.53181916
S3288,0.50129012,0.62547761,0.23818802
S3289,0.60268973,0.32159454,0.61060281
S3290,0.63162278,0.38798415,0.68286129
S3291,0.76006381,0.53020240,0.82361703
S3292,0.35730652,0.63660565,0.58651492
S3293,0.77916928,0.50353420,0.59939120
S3294,0.65980781,0.26470156,0.57675954
S3295,0.49880298,0.31535011,0.49569422
S3296,0.59347006,0.46735442,0.63314324
S3297,0.66046071,0.40523344,0.68658037
S3298,0.78212825,0.39669841,0.76730114
S3299,0.58279670,0.57971476,0.39912471
S3300,0.84472134,0.51601962,0.56376220
S3301,0.51679983,0.38135555,0.51554139
S3302,0.56525446,0.28548795,0.65853688
S3303,0.41790415,0.68127443,0.52643000
S3304,0.55200167,0.47308492,0.33348482
S3305,0.59834437,0.54809855,0.45420825
S3306,0.50205666,0.64861496,0.35637064
S3307,0.45304030,0.57280956,0.52801003
S3308,0.60789893,0.38688232,0.47380505
S3309,0.61059286,0.47976269,0.44439857
S3310,0.45781367,0.52954993,0.67465224
S3311,0.44638866,0.67589201,0.58508576
S3312,0.69127153,0.47487927,0.41372059
S3313,0.60075307,0.78878213,0.44094804
S3314,0.47575486,0.60684177,0.42470214
S3315,0.48143642,0.74380126,0.51118234
S3316,0.58350654,0.49970335,0.53359587
S3317,0.68912676,0.60844911,0.46404200
S3318,0.41099081,0.49266280,0.45793825
S3319,0.49554197,0.46328361,0.33648815
S3320,0.75469691,0.41596169,0.39099870
S3321,0.55773100,0.82517418,0.20944907
S3322,0.40447870,0.57988172,0.65471114
S3323,0.55811081,0.46497801,0.61254810
S3324,0.63395270,0.27534932,0.77851417
S3325,0.43223776,0.63212567,0.48001411
S3326,0.30122771,0.69018511,0.32333316
S3327,0.46889088,0.32720457,0.58821609
S3328,0.61831884,0.60417667,0.20713670
S3329,0.50395465,0.46608895,0.60706172
S3330,0.62145544,0.51251750,0.48615051
S3331,0.64985966,0.25488193,0.54819503
S3332,0.72411338,0.22644300,0.55805348
S3333,0.82395992,0.33907032,0.75322916
S3334,0.63766389,0.30385035,0.55485694
S3335,0.68708184,0.54109595,0.86588619
S3336,0.50059698,0.31236181,0.56858504
S3337,0.72925400,0.48753014,0.48509730
S3338,0.59081389,0.35104519,0.56941875
S3339,0.55867792,0.53951064,0.61273140
S3340,0.54661873,0.51299752,0.41433645
S3341,0.78862572,0.14961223,0.47568407
S3342,0.61613785,0.62578505,0.52132219
S3343,0.56168472,0.77086711,0.29184175
S3344,0.69539817,0.29252898,0.52934518
S3345,0.78737751,0.64155014,0.35350073
S3346,0.71324471,0.42257324,0.44527368
S3347,0.66658663,0.55976259,0.60633576
S3348,0.65840404,0.38135329,0.69115011
S3349,0.51684478,0.37185587,0.44110339
S3350,0.56266503,0.53133289,0.66753200
S3351,0.62795976,0.51824928,0.47345307
S3352,0.84106327,0.50383362,0.60486384
S3353,0.60011381,0.17795884,0.68356982
S3354,0.58381961,0.65545389,0.51145825
S3355,0.55377707,0.22032517,0.44415875
S3356,0.48298550,0.50171908,0.77280605
S3357,0.68446962,0.38318001,0.55401052
S3358,0.53834921,0.39649141,0.57654081
S3359,0.74940718,0.40316131,0.49115049
S3360,0.46559699,0.49320640,0.49679314
S3361,0.63948888,0.63012941,0.54006727
S3362,0.53229468,0.29822685,0.43750996
S3363,0.68804147,0.32816630,0.71321977
S3364,0.48997542,0.55754601,0.68661982
S3365,0.79066502,0.68318799,0.57719702
S3366,0.50536145,0.42399011,0.46835289
S3367,0.75960203,0.50465441,0.53312162
S3368,0.51186166,0.80239164,0.30206810
S3369,0.60228695,0.68667995,0.12543345
S3370,0.72501705,0.48717236,0.66330446
S3371,0.86621117,0.37695300,0.55900053
S3372,0.73735375,0.61408506,0.86028344
S3373,0.50051765,0.68257072,0.55579694
S3374,0.68292713,0.42192555,0.84339445
S3375,0.24939680,0.53386926,0.48775318
S3376,0.60877437,0.22159558,0.50653899
S3377,0.61664230,0.50608438,0.57423026
S3378,0.34100010,0.42254544,0.47161039
S3379,0.77546832,0.33383177,0.46725006
S3380,0.38808906,0.45606084,0.34199709
S3381,0.63064781,0.47335114,0.62067419
S3382,0.45276084,0.36539766,0.39783011
S3383,0.54691995,0.30510417,0.72095631
S3384,0.61592723,0.56045558,0.68556842
S3385,0.60678591,0.69812539,0.20019223
S3386,0.92721375,0.43685464,0.66604832
S3387,0.60434953,0.66579126,0.69789097
S3388,0.43702675,0.77434483,0.33862282
S3389,0.53670806,0.66554533,0.64728422
S3390,0.72176884,0.40437910,0.37397994
S3391,0.39170456,0.45755828,0.55263755
S3392,0.74817468,0.33597708,0.54942468
S3393,0.43607492,0.57385216,0.37423158
S3394,0.80239123,0.25758615,0.67839164
S3395,0.28759096,0.75130120,0.40570258
S3396,0.50339724,0.49344419,0.50185615
S3397,0.61294070,0.28895243,0.65738031
S3398,0.53686557,0.61959753,0.35820991
S3399,0.79080880,0.22340666,0.71880863
S3400,0.51742395,0.45379190,0.29243217
S3401,0.57881558,0.38361266,0.29043620
S3402,0.67950915,0.50473998,0.53661277
S3403,0.45061615,0.45910411,0.44445863
S3404,0.69699055,0.34249705,0.56999154
S3405,0.77948939,0.55373069,0.30035084
S3406,0.86396498,0.42820181,0.60782891
S3407,0.59925199,0.49958437,0.54709712
S3408,0.60768593,0.47383585,0.36558398
S3409,0.70221523,0.63168626,0.40636917
S3410,0.65801398,0.45585943,0.66507785
S3411,0.44690506,0.47564581,0.65181875
S3412,0.51709528,0.56708724,0.38334532
S3413,0.62496144,0.67108593,0.73652877
S3414,0.97108570,0.33161458,0.68532656
S3415,0.63458077,0.29116542,0.36670450
S3416,0.62159138,0.41724252,0.54855072
S3417,0.44309458,0.48590526,0.24658336
S3418,0.02686509,0.68767337,0.39306683
S3419,0.51747407,0.38751674,0.43361075
S3420,0.62127162,0.47642377,0.45728780
S3421,0.74682093,0.49229492,0.63527759
S3422,0.36372400,0.35204661,0.29588842
S3423,0.54070977,0.64639187,0.51130446
S3424,0.59727087,0.49278739,0.73138079
S3425,0.33597415,0.65727820,0.51995719
S3426,0.65144594,0.29216901,0.53136886
S3427,0.60479818,0.22364855,0.56978212
S3428,0.39705945,0.93438093,0.29020910
S3429,0.57681009,0.62506187,0.50339721
S3430,0.58670256,0.68072594,0.43320714
S3431,0.62458881,0.37117811,0.28816584
S3432,0.54535720,0.30720259,0.57958415
S3433,0.70388556,0.66168649,0.49016988
S3434,0.81317211,0.40041341,0.72242453
S3435,0.77850937,0.42456291,0.40245071
S3436,0.21564975,0.63826206,0.44512199
S3437,0.62853751,0.52768343,0.38081842
S3438,0.57151243,0.53199081,0.67240592
S3439,0.50682300,0.41720947,0.50386148
S3440,0.26452222,0.70612065,0.58075913
S3441,0.51081108,0.25502271,0.73062301
S3442,0.39190660,0.35151355,0.52273040
S3443,0.78008832,0.19237949,0.68000944
S3444,0.42791449,0.74819677,0.54623406
S3445,0.53576649,0.43563185,0.55580170
S3446,0.58837921,0.56134716,0.41618377
S3447,0.65366507,0.62022562,0.45419286
S3448,0.53343163,0.45319089,0.50194395
S3449,0.47507598,0.33594748,0.69737355
S3450,0.32334141,0.57426827,0.55916474
S3451,0.56825099,0.83892678,0.46009434
S3452,0.84266112,0.51466469,0.56720945
S3453,0.41791637,0.23129671,0.36301029
S3454,0.61449367,0.30131390,0.53434124
S3455,0.58371188,0.39111310,0.67371814
S3456,1.00000000,0.38015358,0.54886537
S3457,0.81486466,0.14567825,0.73365366
S3458,0.44932485,0.38254816,0.73437436
S3459,0.57202864,0.42051986,0.59895364
S3460,0.71301045,0.81736437,0.86376848
S3461,0.59140006,0.66280571,0.09891328
S3462,0.75275427,0.42156150,0.45365971
S3463,0.58769986,0.54787806,0.62499352
S3464,0.52335544,0.54393660,0.43305812
S3465,0.81126334,0.62830412,0.58236663
S3466,0.74613284,0.30492454,0.72433048
S3467,0.79676724,0.49152413,0.55108114
S3468,0.67094051,0.61546840,0.48592201
S3469,0.68863577,0.63575294,0.48900189
S3470,0.47604164,0.46511675,0.65152761
S3471,0.49086820,0.63655830,0.60959675
S3472,0.42599427,0.37321530,0.49743050
S3473,0.38072240,0.57140593,0.43805611
S3474,0.50113032,0.85923882,0.68544064
S3475,0.46418987,0.52967291,0.30899226
S3476,0.78045574,0.42398014,0.71770318
S3477,0.54960160,0.64572154,0.52463427
S3478,0.40223982,0.48757729,0.56639835
S3479,0.70949770,0.49519305,0.60777297
S3480,0.36845405,0.56989054,0.63119055
S3481,0.76313685,0.58015735,0.43149115
S3482,0.58589199,0.35797669,0.64353563
S3483,0.58900270,0.44400238,0.54968327
S3484,0.65987719,0.64004764,0.32544239
S3485,0.56240573,0.50737759,0.49810998
S3486,0.57397653,0.93961201,0.53616072
S3487,0.51152812,0.40739880,0.59195083
S3488,0.66281814,0.54359541,0.52160123
S3489,0.40514216,0.44681346,0.47918304
S3490,0.69854915,0.56029558,0.52503573
S3491,0.50007681,0.59266805,0.50969284
S3492,0.33314435,0.41513637,0.55093051
S3493,0.72999995,0.56676971,0.57562204
S3494,0.59278349,0.46522509,0.51477530
S3495,0.66809297,0.26515947,0.45197416
S3496,0.50963226,0.58272293,0.52739341
S3497,0.71444452,0.55561775,0.63049347
S3498,0.75520923,0.54428136,0.56225300
S3499,0.75015928,0.30313044,0.33339764
S3500,0.39828015,0.44139237,0.21453883
S3501,0.69998226,0.30672679,0.52416759
S3502,0.67314450,0.25193336,0.72832256
S3503,0.59325039,0.43079999,0.44830092
S3504,0.61314993,0.54018326,0.60859653
S3505,0.58764524,0.56589980,0.06166048
S3506,0.67820041,0.45451751,0.69229867
S3507,0.41553438,0.55991216,0.70957494
S3508,0.84506217,0.61017590,0.49061874
S3509,0.61670467,0.56617490,0.39793400
S3510,0.79360481,0.21513604,0.78075643
S3511,0.66035526,0.66372878,0.64891478
S3512,0.52215654,0.45741270,0.25551506
S3513,0.64017299,0.60480522,0.75918387
S3514,0.62782039,0.39089478,0.55927327
S3515,0.58640821,0.26259003,0.45531747
S3516,0.77482250,0.72539544,0.55704528
S3517,0.85749354,0.36749570,0.67082572
S3518,0.81348730,0.18577435,0.55652249
S3519,0.85993719,0.41378861,0.66634371
S3520,0.58295732,0.28607589,0.71628292
S3521,0.66212279,0.33206217,0.55277248
S3522,0.86423615,0.36247186,0.68264716
S3523,0.54159522,0.47104869,0.42334043
S3524,0.35749969,0.73857804,0.53583800
S3525,0.78625426,0.24634626,0.64459816
S3526,0.60859623,0.45059733,0.70021499
S3527,0.77118379,0.47048052,0.40884061
S3528,1.00000000,0.31135216,0.76920369
S3529,0.68434301,0.34787932,0.49617149
S3530,0.90205783,0.56799081,0.81391861
S3531,0.42310417,0.30801035,0.40713398
S3532,0.48501073,0.31526443,0.63436315
S3533,0.18849612,0.46081769,0.37991404
S3534,0.77868024,0.51656963,0.78926820
S3535,0.69682208,0.40559483,0.68785325
S3536,0.36187698,0.38766112,0.71099559
S3537,0.51860519,0.37715067,0.40745956
S3538,0.32198529,0.62731429,0.38561575
S3539,0.56367598,0.39593033,0.66352853
S3540,0.53331809,0.46337562,0.65446760
S3541,0.67203980,0.52534752,0.64516147
S3542,0.82851860,0.65300955,0.35769538
S3543,0.50566294,0.60868482,0.34581088
S3544,0.59896956,0.69301534,0.45699981
S3545,0.34244368,0.44242923,0.34612450
S3546,0.77226541,0.30204774,0.68146014
S3547,0.61209169,0.68762343,0.52998643
S3548,0.86946041,0.55699025,0.67967468
S3549,0.60615258,0.46961469,0.61450506
S3550,0.67178631,0.62563669,0.68748918
S3551,0.56503564,0.50606389,0.45957246
S3552,0.52594222,0.40415835,0.52233376
S3553,0.86991752,0.32930969,0.66431842
S3554,0.44418860,0.49148800,0.59659135
S3555,0.69212176,0.59052952,0.88804036
S3556,0.69559210,0.55619525,0.69887751
S3557,0.57211146,0.51169341,0.43535472
S3558,0.79471768,0.20766025,0.72974412
S3559,0.41134682,0.58106776,0.46032275
S3560,0.74456673,0.52908831,0.78306749
S3561,0.38449986,0.53380462,0.34668473
S3562,0.47463125,0.70841700,0.47483437
S3563,0.61803249,0.49028968,0.51956895
S3564,0.57327044,0.41861003,0.51359272
S3565,0.92657157,0.35299124,0.60603568
S3566,0.49015634,0.38095586,0.33710572
S3567,0.34675264,0.47229072,0.34020360
S3568,0.76666816,0.39932967,0.43186742
S3569,0.33675797,0.55191603,0.45017810
S3570,0.31519685,0.22933622,0.85948706
S3571,0.37578802,0.82703714,0.39629289
S3572,0.31532935,0.76668032,0.39240123
S3573,0.60894602,0.32387120,0.64668563
S3574,0.52244849,0.34368127,0.56565411
S3575,0.47701373,0.43285176,0.39492829
S3576,0.48178210,0.45962271,0.43057867
S3577,0.48014026,0.42289780,0.63419222
S3578,0.74964777,0.27890714,0.72034876
S3579,0.54312284,0.51144118,0.46633985
S3580,0.67374835,0.50495295,0.50585727
S3581,0.63667528,0.53820001,0.61390167
S3582,0.30846844,0.48972668,0.47245857
S3583,0.72477207,0.40264442,0.53917637
S3584,0.68640110,0.52253333,0.73829554
S3585,0.45111144,0.48751120,0.62694542
S3586,0.47211451,0.71738972,0.35806345
S3587,0.57814058,0.43151027,0.67180049
S3588,0.59691100,0.35684414,0.67458238
S3589,0.75750911,0.62985806,0.59050626
S3590,0.55187699,0.78531885,0.53238747
S3591,0.66927805,0.44726127,0.22166796
S3592,0.28461676,0.73035890,0.15217788
S3593,0.49333240,0.58131171,0.47383188
S3594,0.50238267,0.68579662,0.44655433
S3595,0.51512104,0.63518922,0.29517765
S3596,0.86817889,0.26283033,0.72927966
S3597,0.63905562,0.43796208,0.54206110
S3598,0.45295321,0.43901179,0.86252209
S3599,0.40459572,0.57953287,0.58917408
S3600,0.70223856,0.14854098,0.37857665
